store_id,store_name,year_month,monthly_quantity_sold,monthly_transaction_count,monthly_revenue,previous_month_revenue,mom_revenue_change,mom_revenue_growth_pct
1,HITEC City Store,2024-01,200,35,17885.00,,17885.00,
1,HITEC City Store,2024-02,136,24,22340.00,17885.00,4455.00,24.91
1,HITEC City Store,2024-03,119,23,19370.00,22340.00,-2970.00,-13.29
1,HITEC City Store,2024-04,175,33,19140.00,19370.00,-230.00,-1.19
1,HITEC City Store,2024-05,192,33,21605.00,19140.00,2465.00,12.88
1,HITEC City Store,2024-06,112,20,14115.00,21605.00,-7490.00,-34.67
1,HITEC City Store,2024-07,140,28,17595.00,14115.00,3480.00,24.65
1,HITEC City Store,2024-08,204,37,17775.00,17595.00,180.00,1.02
1,HITEC City Store,2024-09,196,34,20815.00,17775.00,3040.00,17.10
1,HITEC City Store,2024-10,119,23,7920.00,20815.00,-12895.00,-61.95
1,HITEC City Store,2024-11,237,41,23245.00,7920.00,15325.00,193.50
1,HITEC City Store,2024-12,180,33,21580.00,23245.00,-1665.00,-7.16
2,Banjara Hills Store,2024-01,230,37,27350.00,,27350.00,
2,Banjara Hills Store,2024-02,206,36,17500.00,27350.00,-9850.00,-36.01
2,Banjara Hills Store,2024-03,213,35,20285.00,17500.00,2785.00,15.91
2,Banjara Hills Store,2024-04,131,24,11380.00,20285.00,-8905.00,-43.90
2,Banjara Hills Store,2024-05,160,26,11105.00,11380.00,-275.00,-2.42
2,Banjara Hills Store,2024-06,181,34,17835.00,11105.00,6730.00,60.60
2,Banjara Hills Store,2024-07,215,35,22980.00,17835.00,5145.00,28.85
2,Banjara Hills Store,2024-08,208,35,22205.00,22980.00,-775.00,-3.37
2,Banjara Hills Store,2024-09,177,32,23785.00,22205.00,1580.00,7.12
2,Banjara Hills Store,2024-10,128,26,13920.00,23785.00,-9865.00,-41.48
2,Banjara Hills Store,2024-11,213,39,23670.00,13920.00,9750.00,70.04
2,Banjara Hills Store,2024-12,207,39,21245.00,23670.00,-2425.00,-10.25
3,Ameerpet Store,2024-01,180,30,15940.00,,15940.00,
3,Ameerpet Store,2024-02,144,30,12140.00,15940.00,-3800.00,-23.84
3,Ameerpet Store,2024-03,215,40,21995.00,12140.00,9855.00,81.18
3,Ameerpet Store,2024-04,144,24,14575.00,21995.00,-7420.00,-33.73
3,Ameerpet Store,2024-05,180,32,18805.00,14575.00,4230.00,29.02
3,Ameerpet Store,2024-06,209,40,24960.00,18805.00,6155.00,32.73
3,Ameerpet Store,2024-07,176,31,20600.00,24960.00,-4360.00,-17.47
3,Ameerpet Store,2024-08,247,44,15965.00,20600.00,-4635.00,-22.50
3,Ameerpet Store,2024-09,159,27,18580.00,15965.00,2615.00,16.38
3,Ameerpet Store,2024-10,227,37,32130.00,18580.00,13550.00,72.93
3,Ameerpet Store,2024-11,165,30,11445.00,32130.00,-20685.00,-64.38
3,Ameerpet Store,2024-12,227,38,16710.00,11445.00,5265.00,46.00
4,Kukatpally Store,2024-01,127,23,13350.00,,13350.00,
4,Kukatpally Store,2024-02,180,34,11515.00,13350.00,-1835.00,-13.75
4,Kukatpally Store,2024-03,158,27,16040.00,11515.00,4525.00,39.30
4,Kukatpally Store,2024-04,220,38,24665.00,16040.00,8625.00,53.77
4,Kukatpally Store,2024-05,234,38,26215.00,24665.00,1550.00,6.28
4,Kukatpally Store,2024-06,168,35,17235.00,26215.00,-8980.00,-34.26
4,Kukatpally Store,2024-07,160,31,17830.00,17235.00,595.00,3.45
4,Kukatpally Store,2024-08,254,45,22085.00,17830.00,4255.00,23.86
4,Kukatpally Store,2024-09,209,40,15655.00,22085.00,-6430.00,-29.11
4,Kukatpally Store,2024-10,260,42,23845.00,15655.00,8190.00,52.32
4,Kukatpally Store,2024-11,164,27,12495.00,23845.00,-11350.00,-47.60
4,Kukatpally Store,2024-12,188,34,17950.00,12495.00,5455.00,43.66
5,Dilsukhnagar Store,2024-01,242,44,26390.00,,26390.00,
5,Dilsukhnagar Store,2024-02,172,33,19065.00,26390.00,-7325.00,-27.76
5,Dilsukhnagar Store,2024-03,325,60,30030.00,19065.00,10965.00,57.51
5,Dilsukhnagar Store,2024-04,203,34,13870.00,30030.00,-16160.00,-53.81
5,Dilsukhnagar Store,2024-05,153,25,10455.00,13870.00,-3415.00,-24.62
5,Dilsukhnagar Store,2024-06,215,39,27080.00,10455.00,16625.00,159.01
5,Dilsukhnagar Store,2024-07,115,23,8845.00,27080.00,-18235.00,-67.34
5,Dilsukhnagar Store,2024-08,135,34,11475.00,8845.00,2630.00,29.73
5,Dilsukhnagar Store,2024-09,118,28,14740.00,11475.00,3265.00,28.45
5,Dilsukhnagar Store,2024-10,217,37,22825.00,14740.00,8085.00,54.85
5,Dilsukhnagar Store,2024-11,157,26,17650.00,22825.00,-5175.00,-22.67
5,Dilsukhnagar Store,2024-12,158,28,17715.00,17650.00,65.00,0.37
