month_start,month_label,total_revenue,transaction_count,avg_transaction_value,unique_products_sold,units_sold,categories_sold,mom_revenue_change_pct,mom_transaction_change_pct,mom_units_change_pct
2024-01-01,Jan 2024,100915.00,169,597.13,14,979,7,,,
2024-02-01,Feb 2024,82560.00,157,525.86,14,838,7,-18.19,-7.1,-14.4
2024-03-01,Mar 2024,107720.00,185,582.27,14,1030,7,30.47,17.83,22.91
2024-04-01,Apr 2024,83630.00,153,546.60,14,873,7,-22.36,-17.3,-15.24
2024-05-01,May 2024,88185.00,154,572.63,14,919,7,5.45,0.65,5.27
2024-06-01,Jun 2024,101225.00,168,602.53,14,885,7,14.79,9.09,-3.7
2024-07-01,Jul 2024,87850.00,148,593.58,14,806,7,-13.21,-11.9,-8.93
2024-08-01,Aug 2024,89505.00,195,459.00,14,1048,7,1.88,31.76,30.02
2024-09-01,Sep 2024,93575.00,161,581.21,14,859,7,4.55,-17.44,-18.03
2024-10-01,Oct 2024,100640.00,165,609.94,14,951,7,7.55,2.48,10.71
2024-11-01,Nov 2024,88505.00,163,542.98,14,936,7,-12.06,-1.21,-1.58
2024-12-01,Dec 2024,95200.00,172,553.49,14,960,7,7.56,5.52,2.56
