store_id,store_name,location,product_id,product_name,category,supplier_id,supplier_name,quantity_on_hand,period_units_sold,average_daily_demand,days_with_sales,daily_demand_stddev,planning_lead_time_days,safety_stock,reorder_point,recommended_order_quantity,supplier_delivery_reliability_pct,replenishment_priority,recommendation_status,service_level_z,reorder_method
2,Banjara Hills Store,Banjara Hills,1002,Wheat Flour 1kg,Groceries,1,ABC Wholesale Pvt Ltd,0,173.0,0.474,31,1.7169,8.48,9,14,14,85.71,CRITICAL,REORDER,1.65,DEMAND_BASED_REORDER_POINT
4,Kukatpally Store,Kukatpally,1010,Mineral Water 1L,Beverages,5,Premium Imports Ltd,0,173.0,0.474,29,1.9194,8.25,10,14,14,82.76,CRITICAL,REORDER,1.65,DEMAND_BASED_REORDER_POINT
5,Dilsukhnagar Store,Dilsukhnagar,1002,Wheat Flour 1kg,Groceries,1,ABC Wholesale Pvt Ltd,0,185.0,0.5068,35,1.7968,8.48,9,14,14,85.71,CRITICAL,REORDER,1.65,DEMAND_BASED_REORDER_POINT
4,Kukatpally Store,Kukatpally,1003,Amul Milk 1L,Dairy,3,Fresh Produce Co,0,153.0,0.4192,26,1.728,8.41,9,13,13,76.56,CRITICAL,REORDER,1.65,DEMAND_BASED_REORDER_POINT
1,HITEC City Store,HITEC City,1014,Soap 125g,Personal Care,1,ABC Wholesale Pvt Ltd,0,132.0,0.3616,25,1.5657,8.48,8,12,12,85.71,CRITICAL,REORDER,1.65,DEMAND_BASED_REORDER_POINT
4,Kukatpally Store,Kukatpally,1001,Basmati Rice 5kg,Groceries,1,ABC Wholesale Pvt Ltd,0,100.0,0.274,25,1.1959,8.48,6,9,9,85.71,CRITICAL,REORDER,1.65,DEMAND_BASED_REORDER_POINT
5,Dilsukhnagar Store,Dilsukhnagar,1001,Basmati Rice 5kg,Groceries,1,ABC Wholesale Pvt Ltd,10,142.0,0.389,28,1.6331,8.48,8,12,2,85.71,HIGH,REORDER,1.65,DEMAND_BASED_REORDER_POINT
1,HITEC City Store,HITEC City,1001,Basmati Rice 5kg,Groceries,1,ABC Wholesale Pvt Ltd,12,153.0,0.4192,26,1.678,8.48,9,13,1,85.71,HIGH,REORDER,1.65,DEMAND_BASED_REORDER_POINT
1,HITEC City Store,HITEC City,1002,Wheat Flour 1kg,Groceries,1,ABC Wholesale Pvt Ltd,237,131.0,0.3589,22,1.6001,8.48,8,12,0,85.71,LOW,NO_REORDER,1.65,DEMAND_BASED_REORDER_POINT
1,HITEC City Store,HITEC City,1003,Amul Milk 1L,Dairy,3,Fresh Produce Co,447,154.0,0.4219,28,1.6732,8.41,9,13,0,76.56,LOW,NO_REORDER,1.65,DEMAND_BASED_REORDER_POINT
1,HITEC City Store,HITEC City,1004,Paneer 250g,Dairy,2,XYZ Foods Distribution,94,165.0,0.4521,26,1.7886,8.53,9,13,0,86.89,LOW,NO_REORDER,1.65,DEMAND_BASED_REORDER_POINT
1,HITEC City Store,HITEC City,1005,Refined Oil 1L,Cooking Oil,2,XYZ Foods Distribution,189,192.0,0.526,32,1.9093,8.53,10,15,0,86.89,LOW,NO_REORDER,1.65,DEMAND_BASED_REORDER_POINT
1,HITEC City Store,HITEC City,1006,Mustard Oil 500ml,Cooking Oil,2,XYZ Foods Distribution,360,135.0,0.3699,24,1.5907,8.53,8,12,0,86.89,LOW,NO_REORDER,1.65,DEMAND_BASED_REORDER_POINT
1,HITEC City Store,HITEC City,1007,Turmeric Powder 100g,Spices,1,ABC Wholesale Pvt Ltd,440,113.0,0.3096,23,1.3728,8.48,7,10,0,85.71,LOW,NO_REORDER,1.65,DEMAND_BASED_REORDER_POINT
1,HITEC City Store,HITEC City,1008,Chili Powder 100g,Spices,5,Premium Imports Ltd,197,152.0,0.4164,26,1.7903,8.25,9,13,0,82.76,LOW,NO_REORDER,1.65,DEMAND_BASED_REORDER_POINT
1,HITEC City Store,HITEC City,1009,Coca Cola 1.5L,Beverages,1,ABC Wholesale Pvt Ltd,170,108.0,0.2959,22,1.3073,8.48,7,10,0,85.71,LOW,NO_REORDER,1.65,DEMAND_BASED_REORDER_POINT
1,HITEC City Store,HITEC City,1010,Mineral Water 1L,Beverages,5,Premium Imports Ltd,151,133.0,0.3644,21,1.616,8.25,8,12,0,82.76,LOW,NO_REORDER,1.65,DEMAND_BASED_REORDER_POINT
1,HITEC City Store,HITEC City,1011,Lays Chips 40g,Snacks,4,Dairy Supplies International,138,131.0,0.3589,22,1.6358,8.59,8,12,0,75.0,LOW,NO_REORDER,1.65,DEMAND_BASED_REORDER_POINT
1,HITEC City Store,HITEC City,1012,Biscuits Mix 200g,Snacks,1,ABC Wholesale Pvt Ltd,313,166.0,0.4548,30,1.7435,8.48,9,13,0,85.71,LOW,NO_REORDER,1.65,DEMAND_BASED_REORDER_POINT
1,HITEC City Store,HITEC City,1013,Shampoo 200ml,Personal Care,1,ABC Wholesale Pvt Ltd,406,145.0,0.3973,24,1.6931,8.48,9,13,0,85.71,LOW,NO_REORDER,1.65,DEMAND_BASED_REORDER_POINT
2,Banjara Hills Store,Banjara Hills,1001,Basmati Rice 5kg,Groceries,1,ABC Wholesale Pvt Ltd,450,153.0,0.4192,24,1.8284,8.48,9,13,0,85.71,LOW,NO_REORDER,1.65,DEMAND_BASED_REORDER_POINT
2,Banjara Hills Store,Banjara Hills,1003,Amul Milk 1L,Dairy,3,Fresh Produce Co,484,122.0,0.3342,22,1.522,8.41,8,11,0,76.56,LOW,NO_REORDER,1.65,DEMAND_BASED_REORDER_POINT
2,Banjara Hills Store,Banjara Hills,1004,Paneer 250g,Dairy,2,XYZ Foods Distribution,186,136.0,0.3726,25,1.5788,8.53,8,12,0,86.89,LOW,NO_REORDER,1.65,DEMAND_BASED_REORDER_POINT
2,Banjara Hills Store,Banjara Hills,1005,Refined Oil 1L,Cooking Oil,2,XYZ Foods Distribution,56,165.0,0.4521,28,1.7778,8.53,9,13,0,86.89,LOW,NO_REORDER,1.65,DEMAND_BASED_REORDER_POINT
2,Banjara Hills Store,Banjara Hills,1006,Mustard Oil 500ml,Cooking Oil,2,XYZ Foods Distribution,238,160.0,0.4384,27,1.7064,8.53,9,13,0,86.89,LOW,NO_REORDER,1.65,DEMAND_BASED_REORDER_POINT
2,Banjara Hills Store,Banjara Hills,1007,Turmeric Powder 100g,Spices,1,ABC Wholesale Pvt Ltd,187,177.0,0.4849,22,2.0829,8.48,11,16,0,85.71,LOW,NO_REORDER,1.65,DEMAND_BASED_REORDER_POINT
2,Banjara Hills Store,Banjara Hills,1008,Chili Powder 100g,Spices,5,Premium Imports Ltd,331,162.0,0.4438,29,1.705,8.25,9,13,0,82.76,LOW,NO_REORDER,1.65,DEMAND_BASED_REORDER_POINT
2,Banjara Hills Store,Banjara Hills,1009,Coca Cola 1.5L,Beverages,1,ABC Wholesale Pvt Ltd,34,151.0,0.4137,23,1.8356,8.48,9,13,0,85.71,LOW,NO_REORDER,1.65,DEMAND_BASED_REORDER_POINT
2,Banjara Hills Store,Banjara Hills,1010,Mineral Water 1L,Beverages,5,Premium Imports Ltd,396,192.0,0.526,31,1.9137,8.25,10,15,0,82.76,LOW,NO_REORDER,1.65,DEMAND_BASED_REORDER_POINT
2,Banjara Hills Store,Banjara Hills,1011,Lays Chips 40g,Snacks,4,Dairy Supplies International,171,158.0,0.4329,28,1.7013,8.59,9,13,0,75.0,LOW,NO_REORDER,1.65,DEMAND_BASED_REORDER_POINT
2,Banjara Hills Store,Banjara Hills,1012,Biscuits Mix 200g,Snacks,1,ABC Wholesale Pvt Ltd,58,189.0,0.5178,32,1.9109,8.48,10,15,0,85.71,LOW,NO_REORDER,1.65,DEMAND_BASED_REORDER_POINT
2,Banjara Hills Store,Banjara Hills,1013,Shampoo 200ml,Personal Care,1,ABC Wholesale Pvt Ltd,377,205.0,0.5616,31,1.9681,8.48,10,15,0,85.71,LOW,NO_REORDER,1.65,DEMAND_BASED_REORDER_POINT
2,Banjara Hills Store,Banjara Hills,1014,Soap 125g,Personal Care,1,ABC Wholesale Pvt Ltd,297,126.0,0.3452,27,1.4643,8.48,8,11,0,85.71,LOW,NO_REORDER,1.65,DEMAND_BASED_REORDER_POINT
3,Ameerpet Store,Ameerpet,1001,Basmati Rice 5kg,Groceries,1,ABC Wholesale Pvt Ltd,359,147.0,0.4027,24,1.6869,8.48,9,13,0,85.71,LOW,NO_REORDER,1.65,DEMAND_BASED_REORDER_POINT
3,Ameerpet Store,Ameerpet,1002,Wheat Flour 1kg,Groceries,1,ABC Wholesale Pvt Ltd,381,183.0,0.5014,30,1.9898,8.48,10,15,0,85.71,LOW,NO_REORDER,1.65,DEMAND_BASED_REORDER_POINT
3,Ameerpet Store,Ameerpet,1003,Amul Milk 1L,Dairy,3,Fresh Produce Co,164,156.0,0.4274,26,1.7984,8.41,9,13,0,76.56,LOW,NO_REORDER,1.65,DEMAND_BASED_REORDER_POINT
3,Ameerpet Store,Ameerpet,1004,Paneer 250g,Dairy,2,XYZ Foods Distribution,136,131.0,0.3589,28,1.4411,8.53,7,11,0,86.89,LOW,NO_REORDER,1.65,DEMAND_BASED_REORDER_POINT
3,Ameerpet Store,Ameerpet,1005,Refined Oil 1L,Cooking Oil,2,XYZ Foods Distribution,216,108.0,0.2959,20,1.4278,8.53,7,10,0,86.89,LOW,NO_REORDER,1.65,DEMAND_BASED_REORDER_POINT
3,Ameerpet Store,Ameerpet,1006,Mustard Oil 500ml,Cooking Oil,2,XYZ Foods Distribution,32,181.0,0.4959,31,1.8045,8.53,9,14,0,86.89,LOW,NO_REORDER,1.65,DEMAND_BASED_REORDER_POINT
3,Ameerpet Store,Ameerpet,1007,Turmeric Powder 100g,Spices,1,ABC Wholesale Pvt Ltd,231,170.0,0.4658,25,2.0019,8.48,10,14,0,85.71,LOW,NO_REORDER,1.65,DEMAND_BASED_REORDER_POINT
3,Ameerpet Store,Ameerpet,1008,Chili Powder 100g,Spices,5,Premium Imports Ltd,269,178.0,0.4877,30,1.8466,8.25,9,14,0,82.76,LOW,NO_REORDER,1.65,DEMAND_BASED_REORDER_POINT
3,Ameerpet Store,Ameerpet,1009,Coca Cola 1.5L,Beverages,1,ABC Wholesale Pvt Ltd,240,158.0,0.4329,28,1.7616,8.48,9,13,0,85.71,LOW,NO_REORDER,1.65,DEMAND_BASED_REORDER_POINT
3,Ameerpet Store,Ameerpet,1010,Mineral Water 1L,Beverages,5,Premium Imports Ltd,347,207.0,0.5671,33,2.0459,8.25,10,15,0,82.76,LOW,NO_REORDER,1.65,DEMAND_BASED_REORDER_POINT
3,Ameerpet Store,Ameerpet,1011,Lays Chips 40g,Snacks,4,Dairy Supplies International,460,179.0,0.4904,28,1.8421,8.59,9,14,0,75.0,LOW,NO_REORDER,1.65,DEMAND_BASED_REORDER_POINT
3,Ameerpet Store,Ameerpet,1012,Biscuits Mix 200g,Snacks,1,ABC Wholesale Pvt Ltd,317,122.0,0.3342,25,1.4537,8.48,7,10,0,85.71,LOW,NO_REORDER,1.65,DEMAND_BASED_REORDER_POINT
3,Ameerpet Store,Ameerpet,1013,Shampoo 200ml,Personal Care,1,ABC Wholesale Pvt Ltd,344,200.0,0.5479,35,1.9304,8.48,10,15,0,85.71,LOW,NO_REORDER,1.65,DEMAND_BASED_REORDER_POINT
3,Ameerpet Store,Ameerpet,1014,Soap 125g,Personal Care,1,ABC Wholesale Pvt Ltd,414,153.0,0.4192,29,1.6399,8.48,8,12,0,85.71,LOW,NO_REORDER,1.65,DEMAND_BASED_REORDER_POINT
4,Kukatpally Store,Kukatpally,1002,Wheat Flour 1kg,Groceries,1,ABC Wholesale Pvt Ltd,456,133.0,0.3644,28,1.516,8.48,8,12,0,85.71,LOW,NO_REORDER,1.65,DEMAND_BASED_REORDER_POINT
4,Kukatpally Store,Kukatpally,1004,Paneer 250g,Dairy,2,XYZ Foods Distribution,459,208.0,0.5699,32,2.0498,8.53,10,15,0,86.89,LOW,NO_REORDER,1.65,DEMAND_BASED_REORDER_POINT
4,Kukatpally Store,Kukatpally,1005,Refined Oil 1L,Cooking Oil,2,XYZ Foods Distribution,490,146.0,0.4,29,1.6237,8.53,8,12,0,86.89,LOW,NO_REORDER,1.65,DEMAND_BASED_REORDER_POINT
4,Kukatpally Store,Kukatpally,1006,Mustard Oil 500ml,Cooking Oil,2,XYZ Foods Distribution,55,175.0,0.4795,29,1.8848,8.53,10,15,0,86.89,LOW,NO_REORDER,1.65,DEMAND_BASED_REORDER_POINT
4,Kukatpally Store,Kukatpally,1007,Turmeric Powder 100g,Spices,1,ABC Wholesale Pvt Ltd,57,182.0,0.4986,29,1.9338,8.48,10,15,0,85.71,LOW,NO_REORDER,1.65,DEMAND_BASED_REORDER_POINT
4,Kukatpally Store,Kukatpally,1008,Chili Powder 100g,Spices,5,Premium Imports Ltd,254,148.0,0.4055,26,1.7241,8.25,9,13,0,82.76,LOW,NO_REORDER,1.65,DEMAND_BASED_REORDER_POINT
4,Kukatpally Store,Kukatpally,1009,Coca Cola 1.5L,Beverages,1,ABC Wholesale Pvt Ltd,104,154.0,0.4219,29,1.6383,8.48,8,12,0,85.71,LOW,NO_REORDER,1.65,DEMAND_BASED_REORDER_POINT
4,Kukatpally Store,Kukatpally,1011,Lays Chips 40g,Snacks,4,Dairy Supplies International,213,209.0,0.5726,31,2.0644,8.59,10,15,0,75.0,LOW,NO_REORDER,1.65,DEMAND_BASED_REORDER_POINT
4,Kukatpally Store,Kukatpally,1012,Biscuits Mix 200g,Snacks,1,ABC Wholesale Pvt Ltd,277,181.0,0.4959,28,1.8732,8.48,10,15,0,85.71,LOW,NO_REORDER,1.65,DEMAND_BASED_REORDER_POINT
4,Kukatpally Store,Kukatpally,1013,Shampoo 200ml,Personal Care,1,ABC Wholesale Pvt Ltd,242,165.0,0.4521,28,1.8023,8.48,9,13,0,85.71,LOW,NO_REORDER,1.65,DEMAND_BASED_REORDER_POINT
4,Kukatpally Store,Kukatpally,1014,Soap 125g,Personal Care,1,ABC Wholesale Pvt Ltd,227,195.0,0.5342,36,1.9107,8.48,10,15,0,85.71,LOW,NO_REORDER,1.65,DEMAND_BASED_REORDER_POINT
5,Dilsukhnagar Store,Dilsukhnagar,1003,Amul Milk 1L,Dairy,3,Fresh Produce Co,410,198.0,0.5425,33,1.9305,8.41,10,15,0,76.56,LOW,NO_REORDER,1.65,DEMAND_BASED_REORDER_POINT
5,Dilsukhnagar Store,Dilsukhnagar,1004,Paneer 250g,Dairy,2,XYZ Foods Distribution,485,149.0,0.4082,25,1.679,8.53,9,13,0,86.89,LOW,NO_REORDER,1.65,DEMAND_BASED_REORDER_POINT
5,Dilsukhnagar Store,Dilsukhnagar,1005,Refined Oil 1L,Cooking Oil,2,XYZ Foods Distribution,171,164.0,0.4493,32,1.8548,8.53,9,13,0,86.89,LOW,NO_REORDER,1.65,DEMAND_BASED_REORDER_POINT
5,Dilsukhnagar Store,Dilsukhnagar,1006,Mustard Oil 500ml,Cooking Oil,2,XYZ Foods Distribution,175,122.0,0.3342,24,1.4687,8.53,8,11,0,86.89,LOW,NO_REORDER,1.65,DEMAND_BASED_REORDER_POINT
5,Dilsukhnagar Store,Dilsukhnagar,1007,Turmeric Powder 100g,Spices,1,ABC Wholesale Pvt Ltd,402,188.0,0.5151,31,1.8702,8.48,9,14,0,85.71,LOW,NO_REORDER,1.65,DEMAND_BASED_REORDER_POINT
5,Dilsukhnagar Store,Dilsukhnagar,1008,Chili Powder 100g,Spices,5,Premium Imports Ltd,303,140.0,0.3836,30,1.5427,8.25,8,12,0,82.76,LOW,NO_REORDER,1.65,DEMAND_BASED_REORDER_POINT
5,Dilsukhnagar Store,Dilsukhnagar,1009,Coca Cola 1.5L,Beverages,1,ABC Wholesale Pvt Ltd,271,148.0,0.4055,24,1.799,8.48,9,13,0,85.71,LOW,NO_REORDER,1.65,DEMAND_BASED_REORDER_POINT
5,Dilsukhnagar Store,Dilsukhnagar,1010,Mineral Water 1L,Beverages,5,Premium Imports Ltd,227,157.0,0.4301,27,1.8498,8.25,9,13,0,82.76,LOW,NO_REORDER,1.65,DEMAND_BASED_REORDER_POINT
5,Dilsukhnagar Store,Dilsukhnagar,1011,Lays Chips 40g,Snacks,4,Dairy Supplies International,290,126.0,0.3452,27,1.4282,8.59,7,10,0,75.0,LOW,NO_REORDER,1.65,DEMAND_BASED_REORDER_POINT
5,Dilsukhnagar Store,Dilsukhnagar,1012,Biscuits Mix 200g,Snacks,1,ABC Wholesale Pvt Ltd,404,165.0,0.4521,30,1.6727,8.48,9,13,0,85.71,LOW,NO_REORDER,1.65,DEMAND_BASED_REORDER_POINT
5,Dilsukhnagar Store,Dilsukhnagar,1013,Shampoo 200ml,Personal Care,1,ABC Wholesale Pvt Ltd,404,132.0,0.3616,22,1.6791,8.48,9,13,0,85.71,LOW,NO_REORDER,1.65,DEMAND_BASED_REORDER_POINT
5,Dilsukhnagar Store,Dilsukhnagar,1014,Soap 125g,Personal Care,1,ABC Wholesale Pvt Ltd,247,194.0,0.5315,32,1.952,8.48,10,15,0,85.71,LOW,NO_REORDER,1.65,DEMAND_BASED_REORDER_POINT
