transaction_id,store_id,product_id,quantity_sold,unit_price,total_amount,sale_date
50001,2,1004,9,180.0,1620.0,2024-11-04
50002,1,1009,4,85.0,340.0,2024-11-28
50003,5,1007,4,45.0,180.0,2024-08-17
50004,5,1005,1,185.0,185.0,2024-03-22
50005,4,1006,5,120.0,600.0,2024-03-20
50006,2,1013,6,120.0,720.0,2024-02-22
50007,1,1007,2,45.0,90.0,2024-07-02
50008,3,1010,5,25.0,125.0,2024-01-23
50009,4,1009,2,85.0,170.0,2024-07-12
50010,1,1009,5,85.0,425.0,2024-11-17
50011,5,1014,6,35.0,210.0,2024-10-22
50012,2,1012,2,40.0,80.0,2024-01-24
50013,2,1013,5,120.0,600.0,2024-02-10
50014,2,1014,2,35.0,70.0,2024-07-13
50015,3,1008,6,65.0,390.0,2024-03-24
50016,3,1006,4,120.0,480.0,2024-12-09
50017,3,1012,2,40.0,80.0,2024-11-07
50018,2,1009,4,85.0,340.0,2024-03-24
50019,4,1007,5,45.0,225.0,2024-11-23
50020,5,1004,6,180.0,1080.0,2024-01-29
50021,2,1014,1,35.0,35.0,2024-06-10
50022,4,1005,2,185.0,370.0,2024-04-18
50023,5,1012,6,40.0,240.0,2024-04-18
50024,4,1007,8,45.0,360.0,2024-03-14
50025,3,1003,4,55.0,220.0,2024-10-14
50026,5,1005,10,185.0,1850.0,2024-08-07
50027,5,1007,6,45.0,270.0,2024-04-22
50028,2,1009,8,85.0,680.0,2024-02-16
50029,1,1014,2,35.0,70.0,2024-03-19
50030,2,1013,7,120.0,840.0,2024-11-01
50031,1,1007,7,45.0,315.0,2024-11-01
50032,4,1009,5,85.0,425.0,2024-10-10
50033,1,1011,2,30.0,60.0,2024-12-15
50034,5,1013,5,120.0,600.0,2024-11-24
50035,3,1002,5,35.0,175.0,2024-08-10
50036,2,1008,1,65.0,65.0,2024-05-14
50037,5,1013,3,120.0,360.0,2024-09-16
50038,1,1014,5,35.0,175.0,2024-11-23
50039,5,1010,4,25.0,100.0,2024-03-19
50040,3,1013,3,120.0,360.0,2024-10-03
50041,5,1001,10,450.0,4500.0,2024-06-14
50042,4,1001,2,450.0,900.0,2024-07-04
50043,3,1004,1,180.0,180.0,2024-05-03
50044,5,1002,2,35.0,70.0,2024-09-05
50045,1,1013,9,120.0,1080.0,2024-03-05
50046,2,1011,8,30.0,240.0,2024-10-08
50047,2,1005,9,185.0,1665.0,2024-11-06
50048,4,1004,9,180.0,1620.0,2024-12-19
50049,2,1012,5,40.0,200.0,2024-07-23
50050,3,1008,9,65.0,585.0,2024-08-19
50051,1,1004,4,180.0,720.0,2024-02-02
50052,3,1001,10,450.0,4500.0,2024-10-10
50053,2,1010,4,25.0,100.0,2024-01-04
50054,1,1012,1,40.0,40.0,2024-04-27
50055,1,1001,6,450.0,2700.0,2024-02-06
50056,5,1004,5,180.0,900.0,2024-12-08
50057,4,1004,9,180.0,1620.0,2024-03-08
50058,5,1010,8,25.0,200.0,2024-05-04
50059,4,1013,7,120.0,840.0,2024-04-07
50060,1,1002,7,35.0,245.0,2024-06-30
50061,4,1007,8,45.0,360.0,2024-01-28
50062,1,1001,7,450.0,3150.0,2024-06-22
50063,1,1004,4,180.0,720.0,2024-04-07
50064,5,1008,3,65.0,195.0,2024-08-04
50065,2,1005,8,185.0,1480.0,2024-05-07
50066,1,1008,9,65.0,585.0,2024-02-20
50067,1,1011,9,30.0,270.0,2024-01-08
50068,1,1013,4,120.0,480.0,2024-03-26
50069,4,1008,8,65.0,520.0,2024-04-19
50070,4,1001,3,450.0,1350.0,2024-07-13
50071,1,1007,5,45.0,225.0,2024-08-20
50072,3,1007,9,45.0,405.0,2024-12-04
50073,4,1003,4,55.0,220.0,2024-05-31
50074,2,1001,10,450.0,4500.0,2024-10-04
50075,1,1012,6,40.0,240.0,2024-01-30
50076,1,1010,8,25.0,200.0,2024-09-14
50077,5,1003,1,55.0,55.0,2024-09-17
50078,1,1014,3,35.0,105.0,2024-02-05
50079,5,1002,4,35.0,140.0,2024-07-25
50080,1,1010,4,25.0,100.0,2024-10-23
50081,5,1001,10,450.0,4500.0,2024-02-11
50082,4,1011,10,30.0,300.0,2024-10-16
50083,5,1006,5,120.0,600.0,2024-04-14
50084,3,1004,5,180.0,900.0,2024-07-21
50085,2,1011,5,30.0,150.0,2024-08-22
50086,3,1013,2,120.0,240.0,2024-01-05
50087,4,1010,10,25.0,250.0,2024-02-21
50088,1,1009,4,85.0,340.0,2024-09-16
50089,3,1003,6,55.0,330.0,2024-02-05
50090,2,1006,5,120.0,600.0,2024-03-21
50091,4,1014,9,35.0,315.0,2024-12-26
50092,3,1010,9,25.0,225.0,2024-01-05
50093,5,1005,2,185.0,370.0,2024-03-09
50094,3,1002,2,35.0,70.0,2024-10-10
50095,2,1005,5,185.0,925.0,2024-11-05
50096,2,1012,6,40.0,240.0,2024-04-14
50097,3,1009,8,85.0,680.0,2024-05-08
50098,1,1002,7,35.0,245.0,2024-05-21
50099,1,1001,6,450.0,2700.0,2024-03-07
50100,3,1003,8,55.0,440.0,2024-10-09
50101,4,1009,1,85.0,85.0,2024-02-27
50102,1,1012,3,40.0,120.0,2024-10-06
50103,1,1014,6,35.0,210.0,2024-10-25
50104,5,1003,7,55.0,385.0,2024-03-06
50105,1,1005,6,185.0,1110.0,2024-01-21
50106,3,1004,4,180.0,720.0,2024-12-07
50107,1,1006,9,120.0,1080.0,2024-07-27
50108,5,1012,3,40.0,120.0,2024-05-01
50109,2,1013,3,120.0,360.0,2024-07-30
50110,1,1003,6,55.0,330.0,2024-07-29
50111,2,1005,3,185.0,555.0,2024-12-25
50112,1,1007,1,45.0,45.0,2024-08-28
50113,2,1004,8,180.0,1440.0,2024-06-28
50114,3,1014,4,35.0,140.0,2024-04-24
50115,1,1011,4,30.0,120.0,2024-07-23
50116,3,1005,2,185.0,370.0,2024-05-22
50117,3,1011,9,30.0,270.0,2024-07-23
50118,5,1006,1,120.0,120.0,2024-02-29
50119,3,1003,10,55.0,550.0,2024-05-15
50120,1,1002,10,35.0,350.0,2024-08-10
50121,3,1012,6,40.0,240.0,2024-08-11
50122,5,1009,2,85.0,170.0,2024-07-16
50123,5,1004,5,180.0,900.0,2024-01-23
50124,4,1001,9,450.0,4050.0,2024-10-02
50125,2,1006,7,120.0,840.0,2024-02-05
50126,3,1010,6,25.0,150.0,2024-12-05
50127,1,1012,5,40.0,200.0,2024-09-16
50128,3,1011,7,30.0,210.0,2024-06-16
50129,4,1012,5,40.0,200.0,2024-10-10
50130,2,1004,7,180.0,1260.0,2024-12-06
50131,4,1011,3,30.0,90.0,2024-11-11
50132,5,1005,7,185.0,1295.0,2024-10-07
50133,1,1005,5,185.0,925.0,2024-04-17
50134,4,1013,10,120.0,1200.0,2024-11-06
50135,3,1008,8,65.0,520.0,2024-08-14
50136,2,1009,8,85.0,680.0,2024-03-27
50137,1,1005,9,185.0,1665.0,2024-12-05
50138,5,1006,2,120.0,240.0,2024-04-30
50139,3,1004,4,180.0,720.0,2024-03-16
50140,1,1001,4,450.0,1800.0,2024-08-31
50141,5,1014,2,35.0,70.0,2024-08-21
50142,4,1011,10,30.0,300.0,2024-04-09
50143,4,1008,7,65.0,455.0,2024-05-04
50144,2,1011,1,30.0,30.0,2024-02-24
50145,4,1004,3,180.0,540.0,2024-12-22
50146,5,1008,1,65.0,65.0,2024-10-12
50147,2,1014,2,35.0,70.0,2024-08-21
50148,2,1013,8,120.0,960.0,2024-12-07
50149,5,1009,10,85.0,850.0,2024-06-11
50150,4,1010,9,25.0,225.0,2024-08-06
50151,5,1008,3,65.0,195.0,2024-08-31
50152,4,1005,4,185.0,740.0,2024-11-22
50153,3,1013,9,120.0,1080.0,2024-09-05
50154,2,1005,8,185.0,1480.0,2024-02-09
50155,3,1004,5,180.0,900.0,2024-06-20
50156,3,1009,2,85.0,170.0,2024-03-11
50157,2,1004,7,180.0,1260.0,2024-12-21
50158,2,1012,4,40.0,160.0,2024-02-02
50159,4,1007,6,45.0,270.0,2024-10-04
50160,4,1007,1,45.0,45.0,2024-04-15
50161,4,1007,10,45.0,450.0,2024-12-22
50162,1,1014,10,35.0,350.0,2024-07-13
50163,4,1001,6,450.0,2700.0,2024-06-01
50164,4,1014,7,35.0,245.0,2024-10-02
50165,5,1013,10,120.0,1200.0,2024-04-22
50166,4,1004,5,180.0,900.0,2024-08-11
50167,4,1001,7,450.0,3150.0,2024-06-21
50168,4,1012,3,40.0,120.0,2024-08-27
50169,2,1010,9,25.0,225.0,2024-01-14
50170,4,1010,10,25.0,250.0,2024-12-05
50171,1,1002,7,35.0,245.0,2024-03-10
50172,4,1003,1,55.0,55.0,2024-05-13
50173,4,1006,4,120.0,480.0,2024-08-20
50174,3,1006,7,120.0,840.0,2024-05-22
50175,4,1005,2,185.0,370.0,2024-08-28
50176,1,1012,9,40.0,360.0,2024-01-27
50177,3,1004,2,180.0,360.0,2024-11-29
50178,1,1013,1,120.0,120.0,2024-05-06
50179,2,1014,1,35.0,35.0,2024-11-14
50180,2,1004,3,180.0,540.0,2024-08-30
50181,1,1010,4,25.0,100.0,2024-08-26
50182,3,1013,6,120.0,720.0,2024-03-26
50183,5,1010,2,25.0,50.0,2024-03-24
50184,3,1002,10,35.0,350.0,2024-01-14
50185,3,1010,7,25.0,175.0,2024-07-22
50186,2,1002,10,35.0,350.0,2024-12-19
50187,2,1002,5,35.0,175.0,2024-12-16
50188,5,1013,2,120.0,240.0,2024-10-16
50189,1,1006,9,120.0,1080.0,2024-08-07
50190,3,1002,9,35.0,315.0,2024-11-27
50191,3,1001,7,450.0,3150.0,2024-09-07
50192,1,1007,6,45.0,270.0,2024-11-21
50193,4,1012,3,40.0,120.0,2024-08-10
50194,2,1012,9,40.0,360.0,2024-11-29
50195,3,1010,9,25.0,225.0,2024-09-04
50196,4,1007,10,45.0,450.0,2024-05-17
50197,3,1014,4,35.0,140.0,2024-02-14
50198,3,1008,4,65.0,260.0,2024-08-25
50199,5,1010,7,25.0,175.0,2024-06-21
50200,1,1008,6,65.0,390.0,2024-04-03
50201,4,1004,6,180.0,1080.0,2024-05-12
50202,3,1005,10,185.0,1850.0,2024-12-25
50203,3,1009,1,85.0,85.0,2024-09-21
50204,2,1002,4,35.0,140.0,2024-07-27
50205,4,1009,4,85.0,340.0,2024-12-19
50206,4,1011,8,30.0,240.0,2024-08-17
50207,1,1002,5,35.0,175.0,2024-04-23
50208,4,1012,4,40.0,160.0,2024-06-05
50209,5,1006,8,120.0,960.0,2024-10-10
50210,5,1006,7,120.0,840.0,2024-10-08
50211,3,1006,8,120.0,960.0,2024-05-18
50212,3,1005,4,185.0,740.0,2024-03-02
50213,2,1006,2,120.0,240.0,2024-10-01
50214,2,1004,4,180.0,720.0,2024-09-04
50215,3,1012,10,40.0,400.0,2024-09-25
50216,5,1005,2,185.0,370.0,2024-04-09
50217,3,1004,6,180.0,1080.0,2024-04-01
50218,3,1001,9,450.0,4050.0,2024-03-05
50219,3,1001,1,450.0,450.0,2024-10-10
50220,3,1012,3,40.0,120.0,2024-11-22
50221,4,1002,1,35.0,35.0,2024-10-20
50222,3,1008,8,65.0,520.0,2024-08-13
50223,3,1003,1,55.0,55.0,2024-05-09
50224,4,1002,2,35.0,70.0,2024-07-24
50225,4,1002,10,35.0,350.0,2024-11-18
50226,1,1003,3,55.0,165.0,2024-10-15
50227,3,1002,4,35.0,140.0,2024-03-01
50228,5,1013,7,120.0,840.0,2024-11-06
50229,5,1013,10,120.0,1200.0,2024-04-25
50230,5,1007,8,45.0,360.0,2024-08-14
50231,3,1014,10,35.0,350.0,2024-08-07
50232,3,1010,10,25.0,250.0,2024-01-31
50233,5,1012,2,40.0,80.0,2024-04-16
50234,2,1005,2,185.0,370.0,2024-03-21
50235,2,1003,9,55.0,495.0,2024-02-08
50236,2,1001,7,450.0,3150.0,2024-08-18
50237,5,1008,5,65.0,325.0,2024-01-17
50238,2,1005,5,185.0,925.0,2024-12-25
50239,4,1002,4,35.0,140.0,2024-05-15
50240,5,1011,4,30.0,120.0,2024-08-05
50241,1,1009,4,85.0,340.0,2024-11-27
50242,2,1005,3,185.0,555.0,2024-02-06
50243,1,1003,5,55.0,275.0,2024-10-31
50244,5,1005,8,185.0,1480.0,2024-03-04
50245,4,1012,5,40.0,200.0,2024-12-24
50246,4,1005,9,185.0,1665.0,2024-10-03
50247,4,1008,2,65.0,130.0,2024-11-02
50248,1,1007,6,45.0,270.0,2024-11-05
50249,3,1001,2,450.0,900.0,2024-04-27
50250,5,1010,1,25.0,25.0,2024-12-10
50251,3,1010,1,25.0,25.0,2024-03-30
50252,4,1009,8,85.0,680.0,2024-05-22
50253,2,1010,7,25.0,175.0,2024-11-21
50254,4,1002,8,35.0,280.0,2024-06-27
50255,4,1006,6,120.0,720.0,2024-12-09
50256,1,1014,3,35.0,105.0,2024-06-17
50257,4,1012,8,40.0,320.0,2024-05-27
50258,4,1014,9,35.0,315.0,2024-01-19
50259,4,1002,6,35.0,210.0,2024-05-09
50260,3,1002,7,35.0,245.0,2024-09-20
50261,1,1011,9,30.0,270.0,2024-08-24
50262,4,1001,4,450.0,1800.0,2024-09-22
50263,3,1010,8,25.0,200.0,2024-11-16
50264,4,1013,1,120.0,120.0,2024-04-14
50265,3,1009,3,85.0,255.0,2024-05-27
50266,4,1012,8,40.0,320.0,2024-03-03
50267,1,1011,10,30.0,300.0,2024-05-02
50268,2,1005,9,185.0,1665.0,2024-01-08
50269,5,1007,2,45.0,90.0,2024-04-25
50270,1,1008,2,65.0,130.0,2024-11-27
50271,2,1008,5,65.0,325.0,2024-09-17
50272,3,1007,8,45.0,360.0,2024-08-29
50273,2,1008,9,65.0,585.0,2024-03-15
50274,4,1004,10,180.0,1800.0,2024-09-17
50275,2,1014,2,35.0,70.0,2024-05-21
50276,4,1006,9,120.0,1080.0,2024-05-16
50277,1,1005,5,185.0,925.0,2024-10-27
50278,5,1011,8,30.0,240.0,2024-03-17
50279,4,1009,8,85.0,680.0,2024-06-25
50280,3,1009,9,85.0,765.0,2024-07-12
50281,4,1006,4,120.0,480.0,2024-12-23
50282,2,1010,7,25.0,175.0,2024-04-29
50283,4,1001,6,450.0,2700.0,2024-08-30
50284,4,1007,3,45.0,135.0,2024-09-10
50285,1,1003,9,55.0,495.0,2024-10-29
50286,3,1014,2,35.0,70.0,2024-08-13
50287,1,1009,8,85.0,680.0,2024-01-08
50288,2,1007,3,45.0,135.0,2024-02-08
50289,4,1013,5,120.0,600.0,2024-06-22
50290,5,1012,7,40.0,280.0,2024-11-28
50291,1,1014,6,35.0,210.0,2024-12-11
50292,5,1007,6,45.0,270.0,2024-11-16
50293,4,1014,9,35.0,315.0,2024-01-19
50294,5,1002,4,35.0,140.0,2024-11-19
50295,3,1004,2,180.0,360.0,2024-08-10
50296,1,1013,2,120.0,240.0,2024-08-15
50297,2,1012,5,40.0,200.0,2024-01-15
50298,1,1006,1,120.0,120.0,2024-05-30
50299,3,1006,7,120.0,840.0,2024-03-15
50300,2,1009,7,85.0,595.0,2024-10-16
50301,2,1003,3,55.0,165.0,2024-02-10
50302,5,1014,7,35.0,245.0,2024-11-13
50303,2,1008,10,65.0,650.0,2024-03-14
50304,2,1008,5,65.0,325.0,2024-08-23
50305,3,1011,1,30.0,30.0,2024-08-26
50306,3,1011,9,30.0,270.0,2024-03-21
50307,1,1008,6,65.0,390.0,2024-10-27
50308,3,1011,7,30.0,210.0,2024-12-19
50309,3,1008,5,65.0,325.0,2024-04-11
50310,4,1014,8,35.0,280.0,2024-02-24
50311,2,1007,10,45.0,450.0,2024-07-02
50312,5,1005,5,185.0,925.0,2024-01-12
50313,4,1005,1,185.0,185.0,2024-10-16
50314,1,1010,8,25.0,200.0,2024-05-26
50315,2,1010,6,25.0,150.0,2024-04-22
50316,2,1010,5,25.0,125.0,2024-12-13
50317,2,1011,2,30.0,60.0,2024-11-17
50318,1,1005,8,185.0,1480.0,2024-01-18
50319,5,1006,3,120.0,360.0,2024-02-16
50320,3,1006,7,120.0,840.0,2024-03-30
50321,2,1003,9,55.0,495.0,2024-07-06
50322,5,1009,5,85.0,425.0,2024-03-25
50323,3,1014,8,35.0,280.0,2024-05-31
50324,3,1013,2,120.0,240.0,2024-08-27
50325,1,1003,4,55.0,220.0,2024-12-12
50326,4,1014,9,35.0,315.0,2024-07-06
50327,1,1013,7,120.0,840.0,2024-01-08
50328,3,1009,2,85.0,170.0,2024-08-20
50329,3,1011,5,30.0,150.0,2024-10-26
50330,4,1014,6,35.0,210.0,2024-02-25
50331,2,1008,1,65.0,65.0,2024-11-13
50332,5,1006,10,120.0,1200.0,2024-04-23
50333,1,1011,8,30.0,240.0,2024-12-24
50334,3,1011,7,30.0,210.0,2024-02-29
50335,2,1001,1,450.0,450.0,2024-06-04
50336,4,1002,2,35.0,70.0,2024-04-30
50337,5,1003,7,55.0,385.0,2024-08-20
50338,3,1011,9,30.0,270.0,2024-08-02
50339,5,1012,3,40.0,120.0,2024-07-31
50340,1,1014,8,35.0,280.0,2024-11-11
50341,4,1005,1,185.0,185.0,2024-12-19
50342,3,1004,8,180.0,1440.0,2024-08-15
50343,2,1014,6,35.0,210.0,2024-02-20
50344,3,1009,6,85.0,510.0,2024-02-01
50345,4,1005,4,185.0,740.0,2024-03-03
50346,4,1002,4,35.0,140.0,2024-11-24
50347,5,1001,1,450.0,450.0,2024-06-19
50348,2,1003,10,55.0,550.0,2024-04-15
50349,1,1014,9,35.0,315.0,2024-04-16
50350,5,1004,4,180.0,720.0,2024-06-17
50351,2,1013,10,120.0,1200.0,2024-01-02
50352,3,1014,3,35.0,105.0,2024-03-07
50353,5,1005,3,185.0,555.0,2024-02-26
50354,1,1003,1,55.0,55.0,2024-07-02
50355,2,1010,6,25.0,150.0,2024-01-09
50356,2,1005,1,185.0,185.0,2024-03-05
50357,4,1009,2,85.0,170.0,2024-02-02
50358,4,1008,6,65.0,390.0,2024-09-19
50359,5,1002,8,35.0,280.0,2024-09-14
50360,2,1010,1,25.0,25.0,2024-12-03
50361,5,1005,8,185.0,1480.0,2024-11-25
50362,1,1001,8,450.0,3600.0,2024-07-24
50363,4,1011,2,30.0,60.0,2024-09-08
50364,4,1002,2,35.0,70.0,2024-06-13
50365,5,1003,2,55.0,110.0,2024-03-05
50366,3,1010,10,25.0,250.0,2024-10-07
50367,3,1007,10,45.0,450.0,2024-09-28
50368,3,1008,9,65.0,585.0,2024-11-05
50369,4,1002,2,35.0,70.0,2024-12-01
50370,5,1012,4,40.0,160.0,2024-08-08
50371,4,1004,7,180.0,1260.0,2024-06-22
50372,4,1007,7,45.0,315.0,2024-02-18
50373,3,1007,6,45.0,270.0,2024-12-06
50374,3,1006,3,120.0,360.0,2024-12-17
50375,4,1002,2,35.0,70.0,2024-02-13
50376,1,1007,2,45.0,90.0,2024-07-09
50377,2,1009,1,85.0,85.0,2024-10-27
50378,5,1009,6,85.0,510.0,2024-12-09
50379,1,1007,6,45.0,270.0,2024-12-06
50380,4,1014,1,35.0,35.0,2024-05-27
50381,5,1005,6,185.0,1110.0,2024-02-23
50382,5,1009,4,85.0,340.0,2024-03-20
50383,4,1004,2,180.0,360.0,2024-06-28
50384,5,1006,2,120.0,240.0,2024-05-22
50385,5,1004,7,180.0,1260.0,2024-10-14
50386,5,1010,9,25.0,225.0,2024-01-14
50387,5,1011,5,30.0,150.0,2024-01-15
50388,2,1005,5,185.0,925.0,2024-06-22
50389,3,1001,3,450.0,1350.0,2024-03-14
50390,5,1011,7,30.0,210.0,2024-02-05
50391,2,1012,1,40.0,40.0,2024-02-16
50392,5,1004,7,180.0,1260.0,2024-08-02
50393,4,1006,3,120.0,360.0,2024-07-08
50394,3,1012,6,40.0,240.0,2024-10-17
50395,5,1002,1,35.0,35.0,2024-03-20
50396,2,1013,10,120.0,1200.0,2024-01-26
50397,1,1005,8,185.0,1480.0,2024-12-04
50398,4,1008,10,65.0,650.0,2024-08-14
50399,4,1005,4,185.0,740.0,2024-09-19
50400,1,1006,7,120.0,840.0,2024-02-26
50401,3,1011,10,30.0,300.0,2024-09-06
50402,5,1011,5,30.0,150.0,2024-01-24
50403,2,1007,10,45.0,450.0,2024-01-29
50404,1,1004,5,180.0,900.0,2024-04-18
50405,2,1013,5,120.0,600.0,2024-05-28
50406,3,1002,1,35.0,35.0,2024-09-11
50407,4,1003,3,55.0,165.0,2024-07-13
50408,5,1012,4,40.0,160.0,2024-09-13
50409,5,1014,6,35.0,210.0,2024-02-06
50410,4,1014,1,35.0,35.0,2024-08-11
50411,1,1008,2,65.0,130.0,2024-06-09
50412,5,1007,10,45.0,450.0,2024-07-26
50413,4,1005,2,185.0,370.0,2024-07-26
50414,1,1006,3,120.0,360.0,2024-11-12
50415,4,1014,6,35.0,210.0,2024-02-15
50416,4,1014,2,35.0,70.0,2024-05-04
50417,4,1010,7,25.0,175.0,2024-09-25
50418,1,1007,5,45.0,225.0,2024-06-22
50419,2,1006,3,120.0,360.0,2024-02-09
50420,5,1011,2,30.0,60.0,2024-09-28
50421,5,1004,6,180.0,1080.0,2024-06-28
50422,2,1004,2,180.0,360.0,2024-03-15
50423,3,1004,3,180.0,540.0,2024-11-04
50424,2,1013,2,120.0,240.0,2024-03-31
50425,4,1008,10,65.0,650.0,2024-10-23
50426,4,1011,10,30.0,300.0,2024-11-25
50427,5,1006,6,120.0,720.0,2024-03-18
50428,4,1002,8,35.0,280.0,2024-08-14
50429,3,1013,5,120.0,600.0,2024-10-29
50430,1,1006,9,120.0,1080.0,2024-02-07
50431,3,1008,8,65.0,520.0,2024-01-20
50432,1,1006,5,120.0,600.0,2024-02-09
50433,1,1010,10,25.0,250.0,2024-09-16
50434,4,1008,10,65.0,650.0,2024-10-10
50435,1,1008,10,65.0,650.0,2024-11-29
50436,2,1006,10,120.0,1200.0,2024-08-31
50437,5,1003,1,55.0,55.0,2024-08-18
50438,1,1013,6,120.0,720.0,2024-02-13
50439,5,1011,3,30.0,90.0,2024-01-21
50440,2,1012,8,40.0,320.0,2024-08-12
50441,5,1009,10,85.0,850.0,2024-03-22
50442,3,1006,5,120.0,600.0,2024-07-17
50443,4,1013,6,120.0,720.0,2024-12-13
50444,5,1001,6,450.0,2700.0,2024-02-03
50445,3,1002,9,35.0,315.0,2024-12-13
50446,4,1005,5,185.0,925.0,2024-12-02
50447,5,1014,3,35.0,105.0,2024-06-19
50448,1,1010,3,25.0,75.0,2024-06-28
50449,3,1011,7,30.0,210.0,2024-03-07
50450,5,1012,2,40.0,80.0,2024-06-07
50451,5,1007,6,45.0,270.0,2024-03-06
50452,5,1002,7,35.0,245.0,2024-09-17
50453,3,1001,6,450.0,2700.0,2024-06-07
50454,2,1004,6,180.0,1080.0,2024-09-05
50455,2,1004,3,180.0,540.0,2024-03-20
50456,1,1005,2,185.0,370.0,2024-09-16
50457,5,1014,9,35.0,315.0,2024-01-20
50458,3,1013,10,120.0,1200.0,2024-03-08
50459,5,1007,3,45.0,135.0,2024-03-24
50460,2,1014,10,35.0,350.0,2024-03-25
50461,4,1001,7,450.0,3150.0,2024-07-05
50462,2,1008,10,65.0,650.0,2024-05-25
50463,4,1004,9,180.0,1620.0,2024-05-02
50464,3,1013,8,120.0,960.0,2024-04-09
50465,3,1011,10,30.0,300.0,2024-08-13
50466,4,1013,5,120.0,600.0,2024-07-14
50467,5,1009,7,85.0,595.0,2024-03-23
50468,2,1013,10,120.0,1200.0,2024-03-11
50469,3,1001,8,450.0,3600.0,2024-07-09
50470,5,1002,9,35.0,315.0,2024-03-04
50471,3,1002,3,35.0,105.0,2024-05-19
50472,4,1009,3,85.0,255.0,2024-08-11
50473,1,1004,8,180.0,1440.0,2024-06-27
50474,1,1007,1,45.0,45.0,2024-07-21
50475,5,1006,4,120.0,480.0,2024-07-16
50476,1,1006,4,120.0,480.0,2024-01-15
50477,3,1002,6,35.0,210.0,2024-03-15
50478,2,1001,5,450.0,2250.0,2024-08-29
50479,2,1013,8,120.0,960.0,2024-08-17
50480,5,1001,2,450.0,900.0,2024-01-10
50481,3,1004,3,180.0,540.0,2024-10-07
50482,5,1009,7,85.0,595.0,2024-02-26
50483,3,1004,5,180.0,900.0,2024-03-03
50484,1,1004,7,180.0,1260.0,2024-11-23
50485,5,1008,2,65.0,130.0,2024-02-26
50486,4,1010,9,25.0,225.0,2024-01-09
50487,5,1010,4,25.0,100.0,2024-03-14
50488,3,1007,1,45.0,45.0,2024-11-10
50489,3,1004,10,180.0,1800.0,2024-08-01
50490,2,1011,2,30.0,60.0,2024-09-25
50491,3,1002,9,35.0,315.0,2024-10-05
50492,5,1013,9,120.0,1080.0,2024-10-10
50493,1,1007,8,45.0,360.0,2024-01-23
50494,4,1006,5,120.0,600.0,2024-01-09
50495,3,1013,2,120.0,240.0,2024-06-25
50496,2,1012,2,40.0,80.0,2024-10-24
50497,3,1003,1,55.0,55.0,2024-06-29
50498,5,1006,3,120.0,360.0,2024-12-16
50499,4,1012,8,40.0,320.0,2024-11-19
50500,2,1013,3,120.0,360.0,2024-02-02
60500,2,1013,3,120.0,360.0,2024-02-02
50501,4,1001,5,450.0,2250.0,2024-04-13
50502,1,1013,4,120.0,480.0,2024-01-22
50503,3,1005,9,185.0,1665.0,2024-07-22
50504,5,1008,5,65.0,325.0,2024-01-19
50505,2,1005,6,185.0,1110.0,2024-01-25
50506,3,1005,2,185.0,370.0,2024-07-07
50507,4,1007,8,45.0,360.0,2024-07-16
50508,3,1003,8,55.0,440.0,2024-12-20
50509,4,1006,9,120.0,1080.0,2024-05-16
50510,1,1012,7,40.0,280.0,2024-02-10
50511,4,1010,3,25.0,75.0,2024-10-06
50512,3,1006,2,120.0,240.0,2024-02-10
50513,3,1011,5,30.0,150.0,2024-06-05
50514,4,1010,7,25.0,175.0,2024-03-26
50515,4,1006,8,120.0,960.0,2024-01-22
50516,3,1010,7,25.0,175.0,2024-05-20
50517,1,1002,7,35.0,245.0,2024-07-05
50518,5,1013,3,120.0,360.0,2024-01-16
50519,2,1014,10,35.0,350.0,2024-12-13
50520,4,1001,3,450.0,1350.0,2024-02-04
50521,2,1013,6,120.0,720.0,2024-07-04
50522,4,1010,1,25.0,25.0,2024-11-05
50523,2,1011,8,30.0,240.0,2024-07-08
50524,3,1008,2,65.0,130.0,2024-10-20
50525,2,1009,6,85.0,510.0,2024-07-22
50526,3,1011,5,30.0,150.0,2024-05-07
50527,1,1001,3,450.0,1350.0,2024-09-12
50528,5,1007,9,45.0,405.0,2024-03-01
50529,3,1013,5,120.0,600.0,2024-12-26
50530,4,1004,10,180.0,1800.0,2024-05-26
50531,4,1004,2,180.0,360.0,2024-03-10
50532,1,1008,3,65.0,195.0,2024-08-15
50533,1,1013,6,120.0,720.0,2024-12-07
50534,3,1012,2,40.0,80.0,2024-10-08
50535,5,1005,5,185.0,925.0,2024-03-21
50536,2,1013,6,120.0,720.0,2024-09-17
50537,2,1002,4,35.0,140.0,2024-03-12
50538,2,1013,8,120.0,960.0,2024-01-14
50539,3,1009,10,85.0,850.0,2024-07-07
50540,4,1013,9,120.0,1080.0,2024-03-07
50541,5,1002,2,35.0,70.0,2024-06-07
50542,4,1012,8,40.0,320.0,2024-09-26
50543,4,1013,7,120.0,840.0,2024-10-21
50544,1,1003,6,55.0,330.0,2024-11-24
50545,1,1008,8,65.0,520.0,2024-12-14
50546,5,1006,3,120.0,360.0,2024-10-09
50547,5,1003,3,55.0,165.0,2024-08-09
50548,5,1014,1,35.0,35.0,2024-03-04
50549,5,1003,5,55.0,275.0,2024-03-25
50550,2,1006,4,120.0,480.0,2024-06-26
50551,5,1005,2,185.0,370.0,2024-05-08
50552,2,1011,9,30.0,270.0,2024-05-20
50553,2,1011,5,30.0,150.0,2024-11-10
50554,5,1002,9,35.0,315.0,2024-11-24
50555,2,1010,10,25.0,250.0,2024-03-19
50556,2,1011,10,30.0,300.0,2024-11-05
50557,3,1014,10,35.0,350.0,2024-01-22
50558,1,1002,1,35.0,35.0,2024-11-24
50559,5,1005,4,185.0,740.0,2024-10-19
50560,4,1010,1,25.0,25.0,2024-09-11
50561,5,1005,5,185.0,925.0,2024-09-04
50562,2,1013,7,120.0,840.0,2024-06-01
50563,4,1002,1,35.0,35.0,2024-03-21
50564,4,1007,8,45.0,360.0,2024-08-25
50565,2,1006,10,120.0,1200.0,2024-03-14
50566,3,1014,6,35.0,210.0,2024-06-25
50567,4,1003,6,55.0,330.0,2024-09-20
50568,5,1002,6,35.0,210.0,2024-05-03
50569,4,1002,5,35.0,175.0,2024-08-18
50570,2,1003,2,55.0,110.0,2024-01-26
50571,3,1007,10,45.0,450.0,2024-08-02
50572,2,1014,3,35.0,105.0,2024-06-16
50573,5,1012,6,40.0,240.0,2024-04-07
50574,2,1008,9,65.0,585.0,2024-08-27
50575,4,1005,8,185.0,1480.0,2024-01-12
50576,1,1007,9,45.0,405.0,2024-08-22
50577,2,1004,10,180.0,1800.0,2024-06-29
50578,1,1001,5,450.0,2250.0,2024-09-10
50579,5,1014,8,35.0,280.0,2024-05-26
50580,5,1001,2,450.0,900.0,2024-08-08
50581,2,1005,6,185.0,1110.0,2024-07-25
50582,3,1001,7,450.0,3150.0,2024-01-27
50583,5,1009,4,85.0,340.0,2024-07-04
50584,5,1005,2,185.0,370.0,2024-07-16
50585,5,1008,9,65.0,585.0,2024-05-23
50586,5,1011,10,30.0,300.0,2024-03-01
50587,2,1002,7,35.0,245.0,2024-07-10
50588,3,1009,6,85.0,510.0,2024-03-14
50589,2,1010,9,25.0,225.0,2024-07-24
50590,5,1001,1,450.0,450.0,2024-01-20
50591,2,1012,6,40.0,240.0,2024-08-30
50592,5,1008,3,65.0,195.0,2024-11-06
50593,5,1003,6,55.0,330.0,2024-11-09
50594,3,1003,7,55.0,385.0,2024-11-11
50595,3,1010,6,25.0,150.0,2024-09-16
50596,5,1009,8,85.0,680.0,2024-12-28
50597,5,1005,8,185.0,1480.0,2024-01-09
50598,3,1006,2,120.0,240.0,2024-08-01
50599,5,1005,1,185.0,185.0,2024-11-01
50600,4,1005,10,185.0,1850.0,2024-10-22
50601,2,1012,1,40.0,40.0,2024-10-25
50602,4,1003,9,55.0,495.0,2024-11-18
50603,5,1013,7,120.0,840.0,2024-03-16
50604,2,1001,10,450.0,4500.0,2024-12-24
50605,1,1004,1,180.0,180.0,2024-08-13
50606,3,1007,3,45.0,135.0,2024-07-30
50607,2,1007,9,45.0,405.0,2024-11-09
50608,4,1014,1,35.0,35.0,2024-12-27
50609,2,1009,4,85.0,340.0,2024-10-14
50610,3,1011,8,30.0,240.0,2024-09-26
50611,4,1006,3,120.0,360.0,2024-08-23
50612,5,1006,9,120.0,1080.0,2024-06-30
50613,3,1010,8,25.0,200.0,2024-04-08
50614,2,1005,9,185.0,1665.0,2024-06-01
50615,2,1005,5,185.0,925.0,2024-12-26
50616,2,1012,8,40.0,320.0,2024-06-11
50617,4,1006,9,120.0,1080.0,2024-05-20
50618,3,1002,10,35.0,350.0,2024-12-12
50619,5,1007,7,45.0,315.0,2024-06-25
50620,2,1005,1,185.0,185.0,2024-05-27
50621,1,1006,8,120.0,960.0,2024-12-01
50622,3,1012,8,40.0,320.0,2024-04-19
50623,2,1014,9,35.0,315.0,2024-05-18
50624,5,1012,5,40.0,200.0,2024-03-11
50625,1,1010,10,25.0,250.0,2024-05-02
50626,2,1001,9,450.0,4050.0,2024-04-25
50627,2,1001,2,450.0,900.0,2024-07-30
50628,3,1012,8,40.0,320.0,2024-02-21
50629,2,1001,9,450.0,4050.0,2024-03-21
50630,4,1011,8,30.0,240.0,2024-09-01
50631,2,1013,5,120.0,600.0,2024-06-13
50632,3,1011,1,30.0,30.0,2024-02-15
50633,5,1004,9,180.0,1620.0,2024-01-20
50634,2,1007,3,45.0,135.0,2024-01-19
50635,4,1013,8,120.0,960.0,2024-04-05
50636,3,1001,1,450.0,450.0,2024-06-01
50637,5,1010,2,25.0,50.0,2024-06-20
50638,3,1008,9,65.0,585.0,2024-09-25
50639,4,1003,9,55.0,495.0,2024-08-27
50640,3,1004,2,180.0,360.0,2024-06-18
50641,2,1012,8,40.0,320.0,2024-11-27
50642,3,1012,3,40.0,120.0,2024-01-08
50643,3,1013,5,120.0,600.0,2024-10-17
50644,2,1003,10,55.0,550.0,2024-11-23
50645,4,1014,7,35.0,245.0,2024-09-20
50646,3,1002,7,35.0,245.0,2024-12-08
50647,1,1003,3,55.0,165.0,2024-09-01
50648,3,1004,1,180.0,180.0,2024-05-13
50649,4,1004,8,180.0,1440.0,2024-05-16
50650,3,1005,10,185.0,1850.0,2024-10-20
50651,1,1005,6,185.0,1110.0,2024-12-20
50652,2,1001,2,450.0,900.0,2024-08-26
50653,3,1003,7,55.0,385.0,2024-12-17
50654,5,1012,5,40.0,200.0,2024-12-19
50655,1,1011,5,30.0,150.0,2024-07-07
50656,5,1004,4,180.0,720.0,2024-03-09
50657,4,1003,8,55.0,440.0,2024-11-06
50658,3,1007,9,45.0,405.0,2024-08-29
50659,5,1013,4,120.0,480.0,2024-05-06
50660,5,1014,2,35.0,70.0,2024-09-26
50661,4,1009,6,85.0,510.0,2024-02-09
50662,5,1002,1,35.0,35.0,2024-10-07
50663,5,1004,10,180.0,1800.0,2024-10-01
50664,2,1003,6,55.0,330.0,2024-09-23
50665,4,1002,4,35.0,140.0,2024-10-25
50666,4,1002,9,35.0,315.0,2024-08-16
50667,1,1008,3,65.0,195.0,2024-09-19
50668,4,1008,10,65.0,650.0,2024-01-30
50669,5,1008,5,65.0,325.0,2024-01-12
50670,4,1005,1,185.0,185.0,2024-04-21
50671,5,1002,1,35.0,35.0,2024-08-04
50672,3,1012,2,40.0,80.0,2024-10-04
50673,1,1002,8,35.0,280.0,2024-01-17
50674,3,1007,3,45.0,135.0,2024-03-10
50675,4,1006,7,120.0,840.0,2024-08-17
50676,4,1007,2,45.0,90.0,2024-12-15
50677,5,1003,6,55.0,330.0,2024-03-01
50678,2,1009,7,85.0,595.0,2024-09-27
50679,2,1012,4,40.0,160.0,2024-01-02
50680,1,1005,8,185.0,1480.0,2024-12-10
50681,5,1007,9,45.0,405.0,2024-07-13
50682,2,1004,8,180.0,1440.0,2024-06-26
50683,2,1005,4,185.0,740.0,2024-02-27
50684,1,1013,7,120.0,840.0,2024-11-10
50685,1,1004,4,180.0,720.0,2024-02-04
50686,1,1010,1,25.0,25.0,2024-08-16
50687,5,1011,1,30.0,30.0,2024-05-05
50688,1,1007,8,45.0,360.0,2024-04-29
50689,5,1004,1,180.0,180.0,2024-03-12
50690,5,1005,4,185.0,740.0,2024-10-21
50691,3,1010,10,25.0,250.0,2024-12-10
50692,3,1004,5,180.0,900.0,2024-03-14
50693,5,1004,7,180.0,1260.0,2024-06-02
50694,3,1001,9,450.0,4050.0,2024-10-29
50695,2,1011,7,30.0,210.0,2024-10-11
50696,4,1001,6,450.0,2700.0,2024-11-25
50697,4,1013,9,120.0,1080.0,2024-06-12
50698,4,1007,3,45.0,135.0,2024-06-02
50699,4,1003,9,55.0,495.0,2024-08-30
50700,2,1014,4,35.0,140.0,2024-06-02
50701,2,1013,8,120.0,960.0,2024-01-30
50702,5,1007,7,45.0,315.0,2024-10-12
50703,5,1003,7,55.0,385.0,2024-05-04
50704,3,1004,6,180.0,1080.0,2024-11-27
50705,1,1008,6,65.0,390.0,2024-02-17
50706,5,1012,4,40.0,160.0,2024-01-27
50707,3,1007,10,45.0,450.0,2024-11-04
50708,1,1014,2,35.0,70.0,2024-04-06
50709,5,1012,9,40.0,360.0,2024-04-21
50710,4,1004,6,180.0,1080.0,2024-06-04
50711,1,1004,4,180.0,720.0,2024-03-01
50712,4,1004,10,180.0,1800.0,2024-12-26
50713,2,1007,4,45.0,180.0,2024-10-09
50714,3,1013,5,120.0,600.0,2024-07-13
50715,4,1009,6,85.0,510.0,2024-06-06
50716,3,1006,9,120.0,1080.0,2024-09-11
50717,4,1002,8,35.0,280.0,2024-06-12
50718,2,1006,6,120.0,720.0,2024-07-30
50719,1,1010,4,25.0,100.0,2024-03-15
50720,1,1005,9,185.0,1665.0,2024-10-26
50721,5,1012,7,40.0,280.0,2024-05-31
50722,2,1004,6,180.0,1080.0,2024-04-27
50723,4,1010,4,25.0,100.0,2024-09-12
50724,5,1011,6,30.0,180.0,2024-05-11
50725,4,1012,8,40.0,320.0,2024-08-23
50726,2,1012,6,40.0,240.0,2024-03-27
50727,2,1012,9,40.0,360.0,2024-09-07
50728,2,1009,1,85.0,85.0,2024-09-25
50729,1,1014,2,35.0,70.0,2024-12-08
50730,1,1013,1,120.0,120.0,2024-07-30
50731,2,1014,4,35.0,140.0,2024-02-04
50732,2,1001,4,450.0,1800.0,2024-09-15
50733,4,1006,1,120.0,120.0,2024-11-12
50734,5,1008,8,65.0,520.0,2024-01-09
50735,1,1009,9,85.0,765.0,2024-07-29
50736,1,1001,9,450.0,4050.0,2024-05-20
50737,5,1005,1,185.0,185.0,2024-09-14
50738,4,1013,3,120.0,360.0,2024-02-24
50739,1,1009,3,85.0,255.0,2024-05-03
50740,2,1010,9,25.0,225.0,2024-05-09
50741,3,1005,7,185.0,1295.0,2024-02-10
50742,3,1007,8,45.0,360.0,2024-10-16
50743,2,1012,4,40.0,160.0,2024-06-02
50744,1,1011,1,30.0,30.0,2024-02-17
50745,4,1007,7,45.0,315.0,2024-10-09
50746,4,1001,1,450.0,450.0,2024-12-25
50747,2,1002,8,35.0,280.0,2024-08-10
50748,3,1010,2,25.0,50.0,2024-09-27
50749,1,1004,4,180.0,720.0,2024-12-20
50750,5,1008,5,65.0,325.0,2024-01-24
50751,1,1011,5,30.0,150.0,2024-10-05
50752,5,1011,1,30.0,30.0,2024-04-01
50753,3,1001,4,450.0,1800.0,2024-10-27
50754,2,1013,7,120.0,840.0,2024-02-09
50755,3,1003,10,55.0,550.0,2024-05-03
50756,5,1014,7,35.0,245.0,2024-12-12
50757,5,1006,7,120.0,840.0,2024-03-12
50758,1,1009,6,85.0,510.0,2024-01-28
50759,1,1007,4,45.0,180.0,2024-02-08
50760,3,1010,10,25.0,250.0,2024-10-31
50761,4,1013,6,120.0,720.0,2024-01-16
50762,3,1013,8,120.0,960.0,2024-09-08
50763,2,1006,9,120.0,1080.0,2024-07-11
50764,4,1003,10,55.0,550.0,2024-12-04
50765,4,1002,10,35.0,350.0,2024-05-31
50766,2,1012,2,40.0,80.0,2024-02-12
50767,3,1003,7,55.0,385.0,2024-12-30
50768,2,1012,7,40.0,280.0,2024-06-11
50769,3,1002,2,35.0,70.0,2024-01-03
50770,3,1008,6,65.0,390.0,2024-05-18
50771,1,1003,2,55.0,110.0,2024-04-05
50772,4,1008,9,65.0,585.0,2024-10-11
50773,5,1007,2,45.0,90.0,2024-01-14
50774,1,1006,9,120.0,1080.0,2024-02-17
50775,5,1010,6,25.0,150.0,2024-07-16
50776,1,1005,7,185.0,1295.0,2024-07-17
50777,1,1012,9,40.0,360.0,2024-05-04
50778,5,1009,3,85.0,255.0,2024-12-16
50779,4,1003,3,55.0,165.0,2024-05-17
50780,3,1005,8,185.0,1480.0,2024-03-15
50781,1,1003,7,55.0,385.0,2024-05-21
50782,4,1005,8,185.0,1480.0,2024-02-09
50783,3,1005,4,185.0,740.0,2024-11-16
50784,4,1010,10,25.0,250.0,2024-04-10
50785,4,1002,3,35.0,105.0,2024-06-04
50786,1,1007,6,45.0,270.0,2024-11-13
50787,4,1013,6,120.0,720.0,2024-08-13
50788,3,1007,10,45.0,450.0,2024-03-10
50789,3,1006,10,120.0,1200.0,2024-12-21
50790,2,1008,6,65.0,390.0,2024-03-31
50791,4,1006,5,120.0,600.0,2024-12-21
50792,4,1010,4,25.0,100.0,2024-06-15
50793,4,1005,7,185.0,1295.0,2024-07-05
50794,1,1010,4,25.0,100.0,2024-10-30
50795,5,1003,9,55.0,495.0,2024-01-14
50796,4,1012,4,40.0,160.0,2024-08-12
50797,3,1014,2,35.0,70.0,2024-07-28
50798,4,1003,5,55.0,275.0,2024-05-03
50799,3,1011,3,30.0,90.0,2024-08-04
50800,4,1002,8,35.0,280.0,2024-11-02
50801,4,1010,7,25.0,175.0,2024-09-30
50802,5,1014,7,35.0,245.0,2024-10-05
50803,1,1013,6,120.0,720.0,2024-12-25
50804,5,1010,2,25.0,50.0,2024-02-25
50805,2,1011,6,30.0,180.0,2024-03-26
50806,5,1001,10,450.0,4500.0,2024-11-26
50807,4,1013,6,120.0,720.0,2024-08-08
50808,1,1001,2,450.0,900.0,2024-05-12
50809,2,1009,9,85.0,765.0,2024-10-12
50810,5,1012,10,40.0,400.0,2024-04-23
50811,4,1006,7,120.0,840.0,2024-08-25
50812,5,1012,9,40.0,360.0,2024-03-18
50813,3,1001,8,450.0,3600.0,2024-02-23
50814,3,1007,2,45.0,90.0,2024-02-29
50815,2,1006,5,120.0,600.0,2024-06-24
50816,4,1013,4,120.0,480.0,2024-09-23
50817,4,1006,8,120.0,960.0,2024-02-19
50818,4,1012,8,40.0,320.0,2024-06-12
50819,1,1005,1,185.0,185.0,2024-12-29
50820,1,1001,6,450.0,2700.0,2024-11-27
50821,1,1011,3,30.0,90.0,2024-05-04
50822,5,1003,9,55.0,495.0,2024-03-22
50823,3,1009,7,85.0,595.0,2024-08-24
50824,2,1013,7,120.0,840.0,2024-11-18
50825,2,1003,7,55.0,385.0,2024-07-21
50826,1,1012,10,40.0,400.0,2024-04-11
50827,4,1010,7,25.0,175.0,2024-07-18
50828,1,1012,4,40.0,160.0,2024-04-15
50829,3,1013,2,120.0,240.0,2024-10-22
50830,1,1013,9,120.0,1080.0,2024-04-05
50831,3,1006,4,120.0,480.0,2024-08-22
50832,1,1005,8,185.0,1480.0,2024-09-27
50833,3,1010,7,25.0,175.0,2024-11-08
50834,4,1010,2,25.0,50.0,2024-06-27
50835,3,1014,8,35.0,280.0,2024-11-12
50836,2,1014,5,35.0,175.0,2024-11-10
50837,5,1002,3,35.0,105.0,2024-06-09
50838,1,1004,5,180.0,900.0,2024-02-29
50839,2,1006,3,120.0,360.0,2024-09-18
50840,4,1007,10,45.0,450.0,2024-03-11
50841,5,1007,7,45.0,315.0,2024-04-05
50842,4,1011,9,30.0,270.0,2024-12-21
50843,2,1009,3,85.0,255.0,2024-09-07
50844,3,1003,3,55.0,165.0,2024-06-10
50845,4,1010,1,25.0,25.0,2024-07-02
50846,1,1008,3,65.0,195.0,2024-04-09
50847,4,1009,9,85.0,765.0,2024-11-30
50848,4,1007,8,45.0,360.0,2024-07-31
50849,4,1008,3,65.0,195.0,2024-02-12
50850,5,1001,4,450.0,1800.0,2024-05-29
50851,1,1005,4,185.0,740.0,2024-10-02
50852,3,1003,8,55.0,440.0,2024-10-16
50853,4,1009,9,85.0,765.0,2024-02-27
50854,5,1002,5,35.0,175.0,2024-10-05
50855,3,1009,1,85.0,85.0,2024-08-13
50856,5,1004,7,180.0,1260.0,2024-02-22
50857,2,1005,1,185.0,185.0,2024-08-18
50858,3,1006,2,120.0,240.0,2024-08-12
50859,1,1013,4,120.0,480.0,2024-04-17
50860,5,1012,6,40.0,240.0,2024-12-29
50861,5,1011,7,30.0,210.0,2024-03-25
50862,5,1003,4,55.0,220.0,2024-04-15
50863,1,1010,6,25.0,150.0,2024-09-29
50864,3,1010,9,25.0,225.0,2024-03-27
50865,3,1012,5,40.0,200.0,2024-05-28
50866,5,1005,9,185.0,1665.0,2024-12-13
50867,1,1003,7,55.0,385.0,2024-01-31
50868,3,1014,3,35.0,105.0,2024-12-25
50869,2,1004,3,180.0,540.0,2024-12-30
50870,3,1014,4,35.0,140.0,2024-12-12
50871,4,1008,3,65.0,195.0,2024-10-22
50872,3,1011,7,30.0,210.0,2024-07-11
50873,4,1002,2,35.0,70.0,2024-07-25
50874,5,1012,5,40.0,200.0,2024-12-21
50875,3,1008,8,65.0,520.0,2024-06-16
50876,5,1001,2,450.0,900.0,2024-08-22
50877,3,1014,2,35.0,70.0,2024-09-30
50878,4,1004,7,180.0,1260.0,2024-04-18
50879,4,1005,6,185.0,1110.0,2024-05-25
50880,3,1009,10,85.0,850.0,2024-03-07
50881,5,1014,8,35.0,280.0,2024-06-24
50882,1,1001,2,450.0,900.0,2024-11-16
50883,4,1001,2,450.0,900.0,2024-03-21
50884,4,1008,1,65.0,65.0,2024-08-07
50885,2,1012,3,40.0,120.0,2024-11-28
50886,3,1003,5,55.0,275.0,2024-02-17
50887,3,1005,2,185.0,370.0,2024-07-09
50888,2,1001,7,450.0,3150.0,2024-11-16
50889,3,1012,4,40.0,160.0,2024-08-07
50890,1,1012,2,40.0,80.0,2024-01-01
50891,2,1008,2,65.0,130.0,2024-03-08
50892,5,1004,9,180.0,1620.0,2024-12-14
50893,4,1001,1,450.0,450.0,2024-12-22
50894,3,1014,2,35.0,70.0,2024-08-04
50895,2,1008,2,65.0,130.0,2024-04-27
50896,4,1002,2,35.0,70.0,2024-02-22
50897,3,1006,5,120.0,600.0,2024-03-11
50898,4,1013,3,120.0,360.0,2024-11-24
50899,2,1002,9,35.0,315.0,2024-10-15
50900,1,1010,3,25.0,75.0,2024-08-13
50901,3,1012,4,40.0,160.0,2024-11-17
50902,2,1007,10,45.0,450.0,2024-12-17
50903,4,1014,4,35.0,140.0,2024-02-14
50904,1,1003,2,55.0,110.0,2024-10-28
50905,4,1006,7,120.0,840.0,2024-06-10
50906,2,1004,5,180.0,900.0,2024-11-26
50907,1,1004,9,180.0,1620.0,2024-11-03
50908,5,1012,10,40.0,400.0,2024-05-25
50909,1,1014,5,35.0,175.0,2024-04-15
50910,5,1010,9,25.0,225.0,2024-04-06
50911,4,1005,1,185.0,185.0,2024-05-02
50912,4,1007,2,45.0,90.0,2024-05-03
50913,4,1011,10,30.0,300.0,2024-02-06
50914,5,1001,6,450.0,2700.0,2024-06-11
50915,2,1007,10,45.0,450.0,2024-08-03
50916,3,1009,3,85.0,255.0,2024-08-29
50917,1,1001,10,450.0,4500.0,2024-02-04
50918,1,1005,4,185.0,740.0,2024-01-21
50919,1,1013,7,120.0,840.0,2024-09-16
50920,3,1011,9,30.0,270.0,2024-07-31
50921,4,1012,7,40.0,280.0,2024-02-12
50922,5,1009,10,85.0,850.0,2024-03-19
50923,3,1002,5,35.0,175.0,2024-02-10
50924,5,1004,3,180.0,540.0,2024-10-01
50925,3,1007,10,45.0,450.0,2024-11-20
50926,1,1005,7,185.0,1295.0,2024-05-02
50927,1,1004,2,180.0,360.0,2024-08-10
50928,1,1008,10,65.0,650.0,2024-11-07
50929,1,1005,3,185.0,555.0,2024-03-02
50930,1,1012,3,40.0,120.0,2024-12-25
50931,1,1003,8,55.0,440.0,2024-06-26
50932,5,1009,5,85.0,425.0,2024-03-26
50933,3,1003,5,55.0,275.0,2024-03-01
50934,1,1006,7,120.0,840.0,2024-05-19
50935,5,1002,5,35.0,175.0,2024-12-30
50936,5,1011,2,30.0,60.0,2024-09-11
50937,4,1009,6,85.0,510.0,2024-01-29
50938,4,1014,10,35.0,350.0,2024-03-26
50939,3,1003,5,55.0,275.0,2024-02-22
50940,5,1011,2,30.0,60.0,2024-04-26
50941,5,1001,1,450.0,450.0,2024-01-07
50942,2,1001,8,450.0,3600.0,2024-07-05
50943,4,1003,3,55.0,165.0,2024-01-19
50944,5,1013,7,120.0,840.0,2024-04-24
50945,3,1004,7,180.0,1260.0,2024-06-12
50946,3,1014,2,35.0,70.0,2024-10-19
50947,3,1002,9,35.0,315.0,2024-12-10
50948,1,1003,4,55.0,220.0,2024-09-21
50949,1,1007,2,45.0,90.0,2024-08-26
50950,3,1013,5,120.0,600.0,2024-06-16
50951,1,1009,8,85.0,680.0,2024-01-05
50952,3,1004,5,180.0,900.0,2024-10-15
50953,3,1012,10,40.0,400.0,2024-05-04
50954,4,1006,10,120.0,1200.0,2024-09-09
50955,2,1012,9,40.0,360.0,2024-05-05
50956,2,1001,7,450.0,3150.0,2024-01-13
50957,2,1009,6,85.0,510.0,2024-11-21
50958,1,1006,1,120.0,120.0,2024-12-02
50959,4,1014,5,35.0,175.0,2024-02-23
50960,2,1009,4,85.0,340.0,2024-08-02
50961,4,1001,3,450.0,1350.0,2024-12-30
50962,3,1002,1,35.0,35.0,2024-04-28
50963,5,1007,6,45.0,270.0,2024-08-22
50964,1,1010,2,25.0,50.0,2024-09-15
50965,2,1011,7,30.0,210.0,2024-02-08
50966,5,1010,1,25.0,25.0,2024-08-10
50967,2,1004,5,180.0,900.0,2024-05-13
50968,3,1013,7,120.0,840.0,2024-12-24
50969,3,1006,8,120.0,960.0,2024-05-19
50970,2,1002,4,35.0,140.0,2024-03-10
50971,5,1002,3,35.0,105.0,2024-02-24
50972,2,1008,8,65.0,520.0,2024-06-09
50973,4,1002,9,35.0,315.0,2024-07-02
50974,2,1008,5,65.0,325.0,2024-08-25
50975,3,1014,2,35.0,70.0,2024-02-16
50976,2,1013,5,120.0,600.0,2024-12-26
50977,5,1001,4,450.0,1800.0,2024-06-16
50978,2,1002,4,35.0,140.0,2024-07-01
50979,4,1009,1,85.0,85.0,2024-12-12
50980,3,1005,3,185.0,555.0,2024-01-16
50981,4,1014,8,35.0,280.0,2024-10-11
50982,5,1004,2,180.0,360.0,2024-08-24
50983,1,1013,3,120.0,360.0,2024-03-03
50984,1,1001,4,450.0,1800.0,2024-03-07
50985,2,1014,7,35.0,245.0,2024-07-09
50986,1,1010,10,25.0,250.0,2024-05-12
50987,1,1001,2,450.0,900.0,2024-04-11
50988,4,1013,3,120.0,360.0,2024-02-17
50989,3,1002,1,35.0,35.0,2024-08-24
50990,1,1003,10,55.0,550.0,2024-08-09
50991,4,1008,1,65.0,65.0,2024-07-14
50992,4,1003,6,55.0,330.0,2024-04-19
50993,2,1005,5,185.0,925.0,2024-08-16
50994,2,1001,10,450.0,4500.0,2024-11-13
50995,5,1004,5,180.0,900.0,2024-09-12
50996,4,1009,8,85.0,680.0,2024-02-01
50997,1,1005,7,185.0,1295.0,2024-03-11
50998,4,1004,9,180.0,1620.0,2024-05-07
50999,5,1013,1,120.0,120.0,2024-07-14
51000,3,1008,9,65.0,585.0,2024-09-05
61000,3,1008,9,65.0,585.0,2024-09-05
51001,3,1010,9,25.0,225.0,2024-06-13
51002,4,1005,3,185.0,555.0,2024-01-14
51003,3,1010,4,25.0,100.0,2024-01-16
51004,3,1001,8,450.0,3600.0,2024-09-28
51005,3,1013,10,120.0,1200.0,2024-04-29
51006,2,1002,4,35.0,140.0,2024-12-02
51007,2,1005,9,185.0,1665.0,2024-01-29
51008,2,1010,7,25.0,175.0,2024-06-30
51009,2,1003,4,55.0,220.0,2024-10-30
51010,3,1013,6,120.0,720.0,2024-10-29
51011,1,1012,6,40.0,240.0,2024-10-17
51012,5,1003,10,55.0,550.0,2024-04-06
51013,4,1009,5,85.0,425.0,2024-03-30
51014,4,1001,2,450.0,900.0,2024-01-29
51015,2,1010,4,25.0,100.0,2024-01-11
51016,5,1008,1,65.0,65.0,2024-06-18
51017,5,1004,3,180.0,540.0,2024-06-23
51018,2,1013,6,120.0,720.0,2024-01-31
51019,1,1003,10,55.0,550.0,2024-12-26
51020,2,1013,2,120.0,240.0,2024-09-26
51021,3,1002,6,35.0,210.0,2024-12-26
51022,4,1010,2,25.0,50.0,2024-06-21
51023,3,1006,3,120.0,360.0,2024-03-21
51024,4,1013,8,120.0,960.0,2024-11-28
51025,3,1003,9,55.0,495.0,2024-12-21
51026,5,1013,6,120.0,720.0,2024-04-24
51027,5,1014,3,35.0,105.0,2024-07-12
51028,3,1012,5,40.0,200.0,2024-03-06
51029,2,1012,1,40.0,40.0,2024-12-25
51030,5,1007,10,45.0,450.0,2024-01-17
51031,2,1010,6,25.0,150.0,2024-11-09
51032,2,1011,10,30.0,300.0,2024-02-23
51033,4,1003,6,55.0,330.0,2024-02-09
51034,2,1006,6,120.0,720.0,2024-03-26
51035,1,1014,6,35.0,210.0,2024-08-16
51036,1,1005,4,185.0,740.0,2024-05-07
51037,1,1006,5,120.0,600.0,2024-02-25
51038,1,1001,7,450.0,3150.0,2024-08-12
51039,4,1003,7,55.0,385.0,2024-09-09
51040,4,1006,9,120.0,1080.0,2024-07-11
51041,1,1014,8,35.0,280.0,2024-10-22
51042,2,1003,8,55.0,440.0,2024-02-07
51043,1,1005,1,185.0,185.0,2024-06-12
51044,3,1002,2,35.0,70.0,2024-06-24
51045,2,1007,3,45.0,135.0,2024-02-08
51046,5,1002,6,35.0,210.0,2024-10-31
51047,5,1008,1,65.0,65.0,2024-08-08
51048,2,1010,7,25.0,175.0,2024-03-21
51049,1,1002,6,35.0,210.0,2024-04-15
51050,2,1007,9,45.0,405.0,2024-10-03
51051,3,1011,5,30.0,150.0,2024-06-01
51052,2,1002,1,35.0,35.0,2024-07-20
51053,5,1009,8,85.0,680.0,2024-03-19
51054,1,1006,1,120.0,120.0,2024-08-06
51055,1,1005,10,185.0,1850.0,2024-09-02
51056,2,1002,1,35.0,35.0,2024-04-15
51057,2,1011,5,30.0,150.0,2024-02-11
51058,4,1014,2,35.0,70.0,2024-06-06
51059,4,1008,8,65.0,520.0,2024-12-04
51060,3,1002,9,35.0,315.0,2024-07-17
51061,2,1006,7,120.0,840.0,2024-07-08
51062,2,1008,1,65.0,65.0,2024-05-14
51063,4,1008,5,65.0,325.0,2024-04-25
51064,3,1010,1,25.0,25.0,2024-03-18
51065,1,1002,6,35.0,210.0,2024-10-04
51066,4,1013,10,120.0,1200.0,2024-04-26
51067,5,1001,7,450.0,3150.0,2024-09-24
51068,4,1009,8,85.0,680.0,2024-10-20
51069,2,1008,5,65.0,325.0,2024-02-10
51070,4,1014,1,35.0,35.0,2024-09-14
51071,5,1009,10,85.0,850.0,2024-12-12
51072,5,1003,2,55.0,110.0,2024-08-17
51073,2,1003,4,55.0,220.0,2024-04-08
51074,2,1001,7,450.0,3150.0,2024-02-10
51075,4,1004,3,180.0,540.0,2024-10-31
51076,3,1006,2,120.0,240.0,2024-02-14
51077,4,1009,7,85.0,595.0,2024-10-09
51078,3,1014,5,35.0,175.0,2024-09-23
51079,4,1014,1,35.0,35.0,2024-12-24
51080,5,1010,9,25.0,225.0,2024-08-02
51081,1,1007,3,45.0,135.0,2024-03-16
51082,5,1010,10,25.0,250.0,2024-02-21
51083,1,1010,2,25.0,50.0,2024-05-26
51084,5,1006,7,120.0,840.0,2024-05-15
51085,4,1011,8,30.0,240.0,2024-10-19
51086,5,1008,1,65.0,65.0,2024-03-29
51087,3,1007,3,45.0,135.0,2024-11-12
51088,5,1011,7,30.0,210.0,2024-01-20
51089,4,1006,4,120.0,480.0,2024-01-26
51090,4,1005,6,185.0,1110.0,2024-01-11
51091,3,1014,5,35.0,175.0,2024-06-08
51092,3,1014,8,35.0,280.0,2024-12-22
51093,1,1014,4,35.0,140.0,2024-03-09
51094,3,1012,8,40.0,320.0,2024-06-13
51095,3,1012,7,40.0,280.0,2024-11-05
51096,1,1004,8,180.0,1440.0,2024-04-18
51097,4,1012,8,40.0,320.0,2024-09-21
51098,3,1014,1,35.0,35.0,2024-09-20
51099,2,1002,5,35.0,175.0,2024-12-29
51100,5,1007,3,45.0,135.0,2024-09-25
51101,5,1001,3,450.0,1350.0,2024-04-08
51102,2,1014,1,35.0,35.0,2024-05-07
51103,1,1008,1,65.0,65.0,2024-07-03
51104,2,1005,6,185.0,1110.0,2024-08-25
51105,5,1007,2,45.0,90.0,2024-12-14
51106,1,1004,6,180.0,1080.0,2024-09-07
51107,5,1008,3,65.0,195.0,2024-08-30
51108,5,1009,6,85.0,510.0,2024-06-25
51109,2,1014,5,35.0,175.0,2024-12-18
51110,1,1005,1,185.0,185.0,2024-07-16
51111,1,1003,10,55.0,550.0,2024-04-19
51112,2,1011,4,30.0,120.0,2024-12-12
51113,2,1005,7,185.0,1295.0,2024-09-19
51114,1,1014,1,35.0,35.0,2024-08-30
51115,2,1011,3,30.0,90.0,2024-11-03
51116,1,1004,5,180.0,900.0,2024-11-07
51117,3,1012,5,40.0,200.0,2024-08-04
51118,4,1014,6,35.0,210.0,2024-08-23
51119,3,1004,8,180.0,1440.0,2024-06-03
51120,5,1014,10,35.0,350.0,2024-07-22
51121,5,1002,1,35.0,35.0,2024-09-18
51122,3,1009,10,85.0,850.0,2024-11-07
51123,3,1005,2,185.0,370.0,2024-09-03
51124,1,1006,5,120.0,600.0,2024-11-23
51125,3,1014,5,35.0,175.0,2024-05-13
51126,3,1004,3,180.0,540.0,2024-09-21
51127,2,1001,10,450.0,4500.0,2024-07-25
51128,3,1011,3,30.0,90.0,2024-01-14
51129,4,1005,5,185.0,925.0,2024-08-02
51130,4,1007,1,45.0,45.0,2024-10-25
51131,5,1014,4,35.0,140.0,2024-06-24
51132,2,1011,9,30.0,270.0,2024-11-22
51133,4,1011,6,30.0,180.0,2024-09-16
51134,3,1014,3,35.0,105.0,2024-12-02
51135,5,1003,5,55.0,275.0,2024-02-19
51136,4,1003,5,55.0,275.0,2024-10-13
51137,2,1011,6,30.0,180.0,2024-12-01
51138,1,1004,6,180.0,1080.0,2024-04-24
51139,3,1007,6,45.0,270.0,2024-07-09
51140,3,1010,5,25.0,125.0,2024-08-25
51141,1,1008,1,65.0,65.0,2024-11-20
51142,5,1010,10,25.0,250.0,2024-02-06
51143,4,1004,9,180.0,1620.0,2024-03-02
51144,4,1009,5,85.0,425.0,2024-07-30
51145,1,1014,3,35.0,105.0,2024-03-11
51146,2,1006,7,120.0,840.0,2024-10-18
51147,4,1003,6,55.0,330.0,2024-04-02
51148,1,1008,6,65.0,390.0,2024-11-19
51149,2,1006,1,120.0,120.0,2024-01-03
51150,4,1005,4,185.0,740.0,2024-03-27
51151,5,1013,3,120.0,360.0,2024-09-07
51152,1,1003,10,55.0,550.0,2024-08-10
51153,4,1007,7,45.0,315.0,2024-09-01
51154,4,1001,1,450.0,450.0,2024-09-30
51155,2,1012,6,40.0,240.0,2024-01-08
51156,3,1013,9,120.0,1080.0,2024-04-07
51157,1,1011,1,30.0,30.0,2024-11-16
51158,2,1004,6,180.0,1080.0,2024-06-08
51159,2,1002,7,35.0,245.0,2024-09-14
51160,5,1005,3,185.0,555.0,2024-02-03
51161,1,1005,5,185.0,925.0,2024-08-21
51162,5,1010,9,25.0,225.0,2024-06-21
51163,4,1011,3,30.0,90.0,2024-06-24
51164,4,1006,4,120.0,480.0,2024-03-25
51165,4,1001,4,450.0,1800.0,2024-04-24
51166,2,1004,1,180.0,180.0,2024-10-28
51167,5,1003,2,55.0,110.0,2024-07-06
51168,1,1007,5,45.0,225.0,2024-09-30
51169,5,1001,10,450.0,4500.0,2024-01-25
51170,1,1011,1,30.0,30.0,2024-01-25
51171,1,1007,8,45.0,360.0,2024-07-13
51172,1,1009,5,85.0,425.0,2024-08-30
51173,2,1004,1,180.0,180.0,2024-06-03
51174,4,1011,2,30.0,60.0,2024-12-05
51175,5,1005,10,185.0,1850.0,2024-11-06
51176,2,1007,2,45.0,90.0,2024-09-18
51177,5,1002,5,35.0,175.0,2024-02-28
51178,1,1008,4,65.0,260.0,2024-11-07
51179,2,1013,5,120.0,600.0,2024-09-24
51180,2,1006,7,120.0,840.0,2024-05-31
51181,2,1001,9,450.0,4050.0,2024-09-11
51182,2,1012,8,40.0,320.0,2024-06-18
51183,2,1001,1,450.0,450.0,2024-12-09
51184,1,1002,10,35.0,350.0,2024-12-08
51185,4,1003,2,55.0,110.0,2024-09-18
51186,1,1012,2,40.0,80.0,2024-05-11
51187,2,1008,5,65.0,325.0,2024-05-15
51188,4,1001,2,450.0,900.0,2024-03-30
51189,1,1014,5,35.0,175.0,2024-07-03
51190,3,1007,2,45.0,90.0,2024-02-18
51191,1,1001,3,450.0,1350.0,2024-12-05
51192,2,1006,6,120.0,720.0,2024-08-12
51193,5,1005,2,185.0,370.0,2024-07-09
51194,3,1003,2,55.0,110.0,2024-07-24
51195,4,1008,5,65.0,325.0,2024-07-16
51196,4,1013,7,120.0,840.0,2024-11-28
51197,2,1002,3,35.0,105.0,2024-12-22
51198,1,1014,3,35.0,105.0,2024-02-23
51199,4,1010,8,25.0,200.0,2024-10-18
51200,4,1003,10,55.0,550.0,2024-07-13
51201,3,1010,1,25.0,25.0,2024-12-16
51202,2,1008,8,65.0,520.0,2024-02-27
51203,4,1008,1,65.0,65.0,2024-02-02
51204,3,1011,6,30.0,180.0,2024-01-07
51205,5,1013,10,120.0,1200.0,2024-10-16
51206,2,1011,6,30.0,180.0,2024-09-22
51207,5,1012,10,40.0,400.0,2024-02-18
51208,4,1011,4,30.0,120.0,2024-09-03
51209,3,1011,7,30.0,210.0,2024-03-17
51210,5,1010,1,25.0,25.0,2024-01-06
51211,2,1009,8,85.0,680.0,2024-09-10
51212,2,1002,8,35.0,280.0,2024-06-13
51213,2,1006,5,120.0,600.0,2024-01-26
51214,5,1004,9,180.0,1620.0,2024-11-25
51215,4,1007,4,45.0,180.0,2024-02-10
51216,4,1008,10,65.0,650.0,2024-08-17
51217,1,1014,8,35.0,280.0,2024-08-16
51218,3,1002,8,35.0,280.0,2024-11-30
51219,1,1002,7,35.0,245.0,2024-07-30
51220,1,1009,9,85.0,765.0,2024-01-01
51221,1,1013,10,120.0,1200.0,2024-11-12
51222,3,1009,9,85.0,765.0,2024-04-15
51223,4,1006,6,120.0,720.0,2024-01-28
51224,2,1014,8,35.0,280.0,2024-06-18
51225,5,1013,10,120.0,1200.0,2024-11-03
51226,4,1012,6,40.0,240.0,2024-08-19
51227,1,1002,4,35.0,140.0,2024-01-02
51228,3,1006,5,120.0,600.0,2024-10-07
51229,5,1006,2,120.0,240.0,2024-01-24
51230,2,1008,3,65.0,195.0,2024-07-28
51231,1,1005,10,185.0,1850.0,2024-04-10
51232,2,1002,7,35.0,245.0,2024-04-20
51233,4,1014,4,35.0,140.0,2024-06-22
51234,1,1013,7,120.0,840.0,2024-01-24
51235,5,1002,8,35.0,280.0,2024-08-22
51236,5,1009,3,85.0,255.0,2024-09-12
51237,1,1009,1,85.0,85.0,2024-10-10
51238,4,1014,10,35.0,350.0,2024-09-04
51239,5,1013,3,120.0,360.0,2024-12-20
51240,5,1003,3,55.0,165.0,2024-02-23
51241,4,1011,10,30.0,300.0,2024-11-06
51242,3,1009,7,85.0,595.0,2024-08-02
51243,5,1012,4,40.0,160.0,2024-05-20
51244,4,1006,5,120.0,600.0,2024-08-19
51245,2,1003,7,55.0,385.0,2024-11-04
51246,5,1005,9,185.0,1665.0,2024-06-09
51247,5,1011,4,30.0,120.0,2024-04-12
51248,2,1010,5,25.0,125.0,2024-12-17
51249,3,1011,3,30.0,90.0,2024-12-29
51250,2,1009,9,85.0,765.0,2024-12-21
51251,3,1012,2,40.0,80.0,2024-06-29
51252,5,1008,10,65.0,650.0,2024-10-19
51253,4,1011,9,30.0,270.0,2024-05-26
51254,4,1013,1,120.0,120.0,2024-09-24
51255,1,1001,7,450.0,3150.0,2024-03-15
51256,1,1011,1,30.0,30.0,2024-04-12
51257,3,1013,3,120.0,360.0,2024-05-26
51258,3,1003,1,55.0,55.0,2024-12-19
51259,3,1004,9,180.0,1620.0,2024-01-17
51260,3,1014,8,35.0,280.0,2024-02-22
51261,5,1014,9,35.0,315.0,2024-04-24
51262,5,1007,4,45.0,180.0,2024-09-18
51263,3,1012,1,40.0,40.0,2024-07-14
51264,4,1007,6,45.0,270.0,2024-10-09
51265,1,1001,5,450.0,2250.0,2024-04-13
51266,5,1014,8,35.0,280.0,2024-04-25
51267,3,1013,10,120.0,1200.0,2024-10-06
51268,5,1004,4,180.0,720.0,2024-05-30
51269,4,1003,2,55.0,110.0,2024-04-05
51270,2,1012,9,40.0,360.0,2024-03-02
51271,4,1001,7,450.0,3150.0,2024-05-22
51272,5,1005,3,185.0,555.0,2024-03-23
51273,5,1014,5,35.0,175.0,2024-01-03
51274,3,1008,3,65.0,195.0,2024-01-21
51275,2,1006,10,120.0,1200.0,2024-01-27
51276,5,1014,5,35.0,175.0,2024-09-08
51277,5,1009,6,85.0,510.0,2024-02-07
51278,3,1009,4,85.0,340.0,2024-04-04
51279,5,1002,9,35.0,315.0,2024-03-22
51280,4,1009,9,85.0,765.0,2024-07-25
51281,1,1006,4,120.0,480.0,2024-04-19
51282,3,1006,6,120.0,720.0,2024-05-30
51283,2,1013,10,120.0,1200.0,2024-09-28
51284,4,1009,1,85.0,85.0,2024-02-28
51285,3,1008,4,65.0,260.0,2024-11-24
51286,5,1010,4,25.0,100.0,2024-01-21
51287,3,1007,2,45.0,90.0,2024-07-16
51288,3,1009,5,85.0,425.0,2024-01-13
51289,5,1014,6,35.0,210.0,2024-09-20
51290,5,1008,8,65.0,520.0,2024-01-23
51291,3,1011,4,30.0,120.0,2024-06-13
51292,5,1002,2,35.0,70.0,2024-03-26
51293,5,1009,1,85.0,85.0,2024-11-16
51294,1,1004,4,180.0,720.0,2024-12-16
51295,4,1014,2,35.0,70.0,2024-04-15
51296,5,1014,7,35.0,245.0,2024-11-27
51297,1,1012,3,40.0,120.0,2024-01-13
51298,4,1012,6,40.0,240.0,2024-01-20
51299,1,1002,1,35.0,35.0,2024-04-01
51300,3,1009,2,85.0,170.0,2024-10-21
51301,2,1005,7,185.0,1295.0,2024-07-17
51302,4,1011,7,30.0,210.0,2024-08-09
51303,3,1001,7,450.0,3150.0,2024-12-10
51304,1,1009,1,85.0,85.0,2024-11-24
51305,5,1002,10,35.0,350.0,2024-01-24
51306,1,1006,9,120.0,1080.0,2024-02-24
51307,3,1013,5,120.0,600.0,2024-11-06
51308,1,1005,8,185.0,1480.0,2024-07-14
51309,4,1014,1,35.0,35.0,2024-08-30
51310,2,1009,4,85.0,340.0,2024-03-10
51311,4,1013,9,120.0,1080.0,2024-05-31
51312,2,1005,6,185.0,1110.0,2024-01-06
51313,5,1014,9,35.0,315.0,2024-03-13
51314,1,1001,1,450.0,450.0,2024-10-20
51315,5,1007,9,45.0,405.0,2024-10-07
51316,1,1005,4,185.0,740.0,2024-06-25
51317,2,1007,9,45.0,405.0,2024-03-13
51318,2,1003,4,55.0,220.0,2024-11-11
51319,3,1004,2,180.0,360.0,2024-04-02
51320,5,1014,1,35.0,35.0,2024-10-08
51321,4,1011,9,30.0,270.0,2024-02-07
51322,3,1011,2,30.0,60.0,2024-05-08
51323,1,1004,10,180.0,1800.0,2024-09-06
51324,3,1006,3,120.0,360.0,2024-12-09
51325,2,1002,5,35.0,175.0,2024-11-13
51326,1,1004,6,180.0,1080.0,2024-09-05
51327,4,1006,10,120.0,1200.0,2024-12-03
51328,3,1012,10,40.0,400.0,2024-03-19
51329,5,1010,6,25.0,150.0,2024-06-10
51330,4,1003,1,55.0,55.0,2024-06-09
51331,2,1013,4,120.0,480.0,2024-12-30
51332,4,1005,6,185.0,1110.0,2024-03-09
51333,3,1008,8,65.0,520.0,2024-08-16
51334,3,1013,5,120.0,600.0,2024-09-06
51335,5,1002,3,35.0,105.0,2024-11-26
51336,5,1002,5,35.0,175.0,2024-03-12
51337,5,1004,5,180.0,900.0,2024-11-16
51338,1,1012,2,40.0,80.0,2024-01-10
51339,5,1011,1,30.0,30.0,2024-10-24
51340,5,1007,10,45.0,450.0,2024-04-18
51341,1,1009,5,85.0,425.0,2024-10-05
51342,5,1008,3,65.0,195.0,2024-07-06
51343,4,1004,10,180.0,1800.0,2024-05-28
51344,2,1008,9,65.0,585.0,2024-09-18
51345,1,1007,6,45.0,270.0,2024-09-14
51346,1,1011,4,30.0,120.0,2024-11-10
51347,2,1013,9,120.0,1080.0,2024-03-12
51348,4,1003,3,55.0,165.0,2024-10-16
51349,5,1011,3,30.0,90.0,2024-09-04
51350,3,1001,4,450.0,1800.0,2024-09-06
51351,2,1002,5,35.0,175.0,2024-07-08
51352,2,1001,4,450.0,1800.0,2024-09-22
51353,3,1007,8,45.0,360.0,2024-08-20
51354,1,1001,6,450.0,2700.0,2024-02-22
51355,5,1011,5,30.0,150.0,2024-05-14
51356,5,1009,10,85.0,850.0,2024-03-30
51357,4,1011,7,30.0,210.0,2024-07-06
51358,5,1011,2,30.0,60.0,2024-09-21
51359,3,1007,4,45.0,180.0,2024-09-21
51360,4,1006,6,120.0,720.0,2024-09-06
51361,4,1010,1,25.0,25.0,2024-09-13
51362,2,1008,3,65.0,195.0,2024-04-27
51363,1,1009,5,85.0,425.0,2024-04-18
51364,2,1003,3,55.0,165.0,2024-07-04
51365,5,1012,2,40.0,80.0,2024-12-04
51366,2,1007,6,45.0,270.0,2024-02-28
51367,4,1011,8,30.0,240.0,2024-09-02
51368,2,1010,3,25.0,75.0,2024-11-27
51369,4,1001,4,450.0,1800.0,2024-01-23
51370,2,1010,10,25.0,250.0,2024-03-23
51371,2,1011,9,30.0,270.0,2024-01-21
51372,5,1003,1,55.0,55.0,2024-03-26
51373,3,1003,9,55.0,495.0,2024-07-26
51374,5,1010,1,25.0,25.0,2024-12-04
51375,3,1002,4,35.0,140.0,2024-08-17
51376,5,1008,8,65.0,520.0,2024-03-28
51377,2,1014,7,35.0,245.0,2024-11-03
51378,2,1013,10,120.0,1200.0,2024-04-03
51379,5,1011,9,30.0,270.0,2024-05-15
51380,2,1012,6,40.0,240.0,2024-08-20
51381,5,1010,2,25.0,50.0,2024-04-27
51382,4,1007,3,45.0,135.0,2024-02-25
51383,1,1004,9,180.0,1620.0,2024-09-15
51384,4,1014,3,35.0,105.0,2024-11-06
51385,1,1003,8,55.0,440.0,2024-11-10
51386,5,1001,9,450.0,4050.0,2024-09-14
51387,1,1002,8,35.0,280.0,2024-12-03
51388,2,1010,9,25.0,225.0,2024-01-01
51389,4,1009,7,85.0,595.0,2024-07-08
51390,1,1012,9,40.0,360.0,2024-08-07
51391,2,1013,8,120.0,960.0,2024-07-14
51392,3,1010,10,25.0,250.0,2024-02-20
51393,4,1003,5,55.0,275.0,2024-09-01
51394,2,1014,2,35.0,70.0,2024-05-25
51395,5,1009,7,85.0,595.0,2024-05-11
51396,2,1001,1,450.0,450.0,2024-10-22
51397,5,1002,9,35.0,315.0,2024-01-04
51398,4,1011,4,30.0,120.0,2024-12-18
51399,3,1007,6,45.0,270.0,2024-02-24
51400,2,1007,10,45.0,450.0,2024-05-09
51401,3,1014,9,35.0,315.0,2024-08-04
51402,5,1006,10,120.0,1200.0,2024-05-21
51403,4,1013,4,120.0,480.0,2024-07-30
51404,5,1013,9,120.0,1080.0,2024-09-04
51405,2,1006,9,120.0,1080.0,2024-10-11
51406,4,1005,5,185.0,925.0,2024-10-22
51407,3,1013,7,120.0,840.0,2024-03-11
51408,1,1012,4,40.0,160.0,2024-08-16
51409,2,1002,4,35.0,140.0,2024-09-17
51410,4,1013,6,120.0,720.0,2024-10-08
51411,5,1012,1,40.0,40.0,2024-03-23
51412,4,1011,1,30.0,30.0,2024-02-16
51413,2,1008,10,65.0,650.0,2024-08-10
51414,1,1002,5,35.0,175.0,2024-04-23
51415,3,1002,10,35.0,350.0,2024-01-20
51416,4,1007,10,45.0,450.0,2024-12-01
51417,5,1005,10,185.0,1850.0,2024-01-30
51418,2,1011,8,30.0,240.0,2024-08-12
51419,1,1004,9,180.0,1620.0,2024-05-26
51420,2,1001,10,450.0,4500.0,2024-09-18
51421,5,1012,4,40.0,160.0,2024-11-10
51422,2,1011,1,30.0,30.0,2024-07-03
51423,2,1011,1,30.0,30.0,2024-03-21
51424,1,1005,7,185.0,1295.0,2024-06-29
51425,4,1007,10,45.0,450.0,2024-04-12
51426,5,1001,2,450.0,900.0,2024-02-16
51427,5,1005,9,185.0,1665.0,2024-10-25
51428,3,1006,5,120.0,600.0,2024-04-25
51429,5,1004,8,180.0,1440.0,2024-07-25
51430,5,1001,5,450.0,2250.0,2024-03-30
51431,4,1009,2,85.0,170.0,2024-10-13
51432,1,1009,5,85.0,425.0,2024-06-23
51433,1,1013,9,120.0,1080.0,2024-05-11
51434,5,1014,10,35.0,350.0,2024-05-08
51435,4,1007,10,45.0,450.0,2024-09-04
51436,2,1013,6,120.0,720.0,2024-08-22
51437,4,1010,1,25.0,25.0,2024-09-03
51438,1,1005,2,185.0,370.0,2024-07-14
51439,2,1011,4,30.0,120.0,2024-06-10
51440,4,1006,9,120.0,1080.0,2024-10-01
51441,1,1012,5,40.0,200.0,2024-05-07
51442,3,1002,7,35.0,245.0,2024-12-10
51443,3,1002,9,35.0,315.0,2024-04-01
51444,4,1006,6,120.0,720.0,2024-04-21
51445,5,1005,3,185.0,555.0,2024-12-15
51446,2,1008,4,65.0,260.0,2024-04-30
51447,2,1014,5,35.0,175.0,2024-04-15
51448,2,1004,4,180.0,720.0,2024-11-12
51449,3,1003,2,55.0,110.0,2024-03-02
51450,1,1011,8,30.0,240.0,2024-11-10
51451,1,1013,9,120.0,1080.0,2024-01-22
51452,4,1006,10,120.0,1200.0,2024-06-10
51453,4,1010,5,25.0,125.0,2024-09-08
51454,2,1013,9,120.0,1080.0,2024-05-23
51455,4,1004,10,180.0,1800.0,2024-03-06
51456,1,1009,7,85.0,595.0,2024-09-01
51457,5,1001,9,450.0,4050.0,2024-06-26
51458,4,1014,3,35.0,105.0,2024-08-22
51459,1,1012,9,40.0,360.0,2024-08-23
51460,3,1012,1,40.0,40.0,2024-01-07
51461,2,1007,10,45.0,450.0,2024-02-21
51462,3,1006,10,120.0,1200.0,2024-05-12
51463,2,1009,5,85.0,425.0,2024-05-01
51464,3,1008,10,65.0,650.0,2024-06-24
51465,3,1003,8,55.0,440.0,2024-08-05
51466,2,1007,6,45.0,270.0,2024-07-05
51467,4,1005,8,185.0,1480.0,2024-04-02
51468,5,1003,10,55.0,550.0,2024-12-17
51469,2,1014,2,35.0,70.0,2024-05-18
51470,2,1009,7,85.0,595.0,2024-07-14
51471,2,1003,3,55.0,165.0,2024-08-30
51472,1,1003,7,55.0,385.0,2024-09-12
51473,2,1014,9,35.0,315.0,2024-09-30
51474,3,1013,8,120.0,960.0,2024-06-02
51475,3,1009,10,85.0,850.0,2024-01-25
51476,4,1002,3,35.0,105.0,2024-01-31
51477,2,1014,5,35.0,175.0,2024-08-31
51478,1,1008,6,65.0,390.0,2024-05-13
51479,3,1006,9,120.0,1080.0,2024-10-12
51480,3,1006,1,120.0,120.0,2024-07-29
51481,1,1006,10,120.0,1200.0,2024-04-11
51482,5,1010,9,25.0,225.0,2024-03-30
51483,3,1006,6,120.0,720.0,2024-12-10
51484,5,1008,8,65.0,520.0,2024-02-10
51485,4,1010,5,25.0,125.0,2024-08-25
51486,2,1014,3,35.0,105.0,2024-11-23
51487,3,1007,10,45.0,450.0,2024-10-19
51488,4,1014,2,35.0,70.0,2024-02-10
51489,2,1006,4,120.0,480.0,2024-06-09
51490,3,1011,5,30.0,150.0,2024-12-29
51491,3,1010,7,25.0,175.0,2024-05-18
51492,4,1013,6,120.0,720.0,2024-10-27
51493,5,1008,7,65.0,455.0,2024-03-26
51494,2,1014,1,35.0,35.0,2024-03-05
51495,2,1011,5,30.0,150.0,2024-12-24
51496,1,1004,3,180.0,540.0,2024-07-22
51497,1,1002,2,35.0,70.0,2024-08-30
51498,5,1001,1,450.0,450.0,2024-07-22
51499,5,1013,2,120.0,240.0,2024-02-23
51500,3,1010,3,25.0,75.0,2024-02-13
61500,3,1010,3,25.0,75.0,2024-02-13
51501,4,1005,4,185.0,740.0,2024-05-06
51502,3,1008,3,65.0,195.0,2024-03-08
51503,5,1014,3,35.0,105.0,2024-01-15
51504,1,1011,6,30.0,180.0,2024-06-15
51505,4,1008,9,65.0,585.0,2024-05-19
51506,5,1008,3,65.0,195.0,2024-12-23
51507,5,1003,10,55.0,550.0,2024-11-01
51508,4,1011,10,30.0,300.0,2024-08-10
51509,5,1011,9,30.0,270.0,2024-06-07
51510,3,1008,9,65.0,585.0,2024-04-26
51511,1,1008,5,65.0,325.0,2024-07-06
51512,4,1005,3,185.0,555.0,2024-06-04
51513,1,1001,9,450.0,4050.0,2024-03-10
51514,3,1005,8,185.0,1480.0,2024-09-30
51515,1,1012,8,40.0,320.0,2024-09-01
51516,3,1001,7,450.0,3150.0,2024-05-29
51517,5,1004,1,180.0,180.0,2024-10-07
51518,3,1004,7,180.0,1260.0,2024-10-14
51519,4,1007,4,45.0,180.0,2024-03-24
51520,4,1014,7,35.0,245.0,2024-04-22
51521,3,1002,7,35.0,245.0,2024-11-16
51522,2,1009,10,85.0,850.0,2024-12-21
51523,3,1005,9,185.0,1665.0,2024-05-17
51524,4,1004,2,180.0,360.0,2024-04-03
51525,2,1005,2,185.0,370.0,2024-11-22
51526,4,1010,8,25.0,200.0,2024-05-19
51527,5,1008,4,65.0,260.0,2024-06-13
51528,1,1003,1,55.0,55.0,2024-09-30
51529,1,1003,2,55.0,110.0,2024-05-24
51530,3,1003,8,55.0,440.0,2024-01-05
51531,2,1002,3,35.0,105.0,2024-01-08
51532,4,1004,6,180.0,1080.0,2024-08-03
51533,3,1013,8,120.0,960.0,2024-07-09
51534,4,1012,1,40.0,40.0,2024-06-18
51535,1,1014,3,35.0,105.0,2024-01-29
51536,3,1013,7,120.0,840.0,2024-02-06
51537,5,1008,3,65.0,195.0,2024-04-08
51538,3,1014,7,35.0,245.0,2024-01-07
51539,1,1013,4,120.0,480.0,2024-07-16
51540,4,1004,1,180.0,180.0,2024-04-11
51541,4,1012,2,40.0,80.0,2024-09-23
51542,2,1008,7,65.0,455.0,2024-12-14
51543,3,1006,3,120.0,360.0,2024-11-18
51544,1,1012,9,40.0,360.0,2024-09-23
51545,1,1005,8,185.0,1480.0,2024-11-22
51546,3,1004,6,180.0,1080.0,2024-01-27
51547,2,1002,4,35.0,140.0,2024-11-20
51548,4,1006,1,120.0,120.0,2024-03-26
51549,3,1010,2,25.0,50.0,2024-07-21
51550,2,1001,1,450.0,450.0,2024-10-24
51551,4,1012,10,40.0,400.0,2024-03-20
51552,3,1013,2,120.0,240.0,2024-05-07
51553,2,1008,2,65.0,130.0,2024-12-17
51554,5,1006,1,120.0,120.0,2024-01-31
51555,3,1011,3,30.0,90.0,2024-12-25
51556,5,1013,2,120.0,240.0,2024-03-05
51557,4,1004,6,180.0,1080.0,2024-10-12
51558,3,1013,8,120.0,960.0,2024-04-08
51559,1,1012,7,40.0,280.0,2024-07-02
51560,2,1005,1,185.0,185.0,2024-09-05
51561,4,1009,5,85.0,425.0,2024-10-04
51562,4,1004,10,180.0,1800.0,2024-04-05
51563,5,1006,6,120.0,720.0,2024-08-27
51564,3,1014,10,35.0,350.0,2024-10-10
51565,2,1002,9,35.0,315.0,2024-03-20
51566,4,1005,5,185.0,925.0,2024-10-04
51567,3,1008,1,65.0,65.0,2024-11-22
51568,5,1007,3,45.0,135.0,2024-01-10
51569,5,1014,6,35.0,210.0,2024-11-13
51570,2,1006,2,120.0,240.0,2024-12-03
51571,5,1014,7,35.0,245.0,2024-04-07
51572,5,1011,8,30.0,240.0,2024-10-09
51573,2,1010,5,25.0,125.0,2024-06-14
51574,4,1011,6,30.0,180.0,2024-02-26
51575,1,1009,2,85.0,170.0,2024-01-23
51576,2,1003,1,55.0,55.0,2024-04-13
51577,1,1008,4,65.0,260.0,2024-02-20
51578,1,1010,7,25.0,175.0,2024-12-02
51579,4,1009,10,85.0,850.0,2024-12-25
51580,5,1005,1,185.0,185.0,2024-07-06
51581,2,1010,2,25.0,50.0,2024-01-07
51582,2,1011,8,30.0,240.0,2024-02-10
51583,4,1013,1,120.0,120.0,2024-07-03
51584,5,1012,7,40.0,280.0,2024-07-07
51585,1,1014,10,35.0,350.0,2024-05-16
51586,5,1001,2,450.0,900.0,2024-06-04
51587,1,1004,9,180.0,1620.0,2024-02-19
51588,1,1012,4,40.0,160.0,2024-09-29
51589,4,1004,4,180.0,720.0,2024-09-26
51590,2,1010,3,25.0,75.0,2024-10-12
51591,5,1007,2,45.0,90.0,2024-11-22
51592,5,1006,8,120.0,960.0,2024-12-25
51593,4,1002,3,35.0,105.0,2024-04-02
51594,5,1007,9,45.0,405.0,2024-06-21
51595,2,1009,10,85.0,850.0,2024-08-14
51596,3,1006,9,120.0,1080.0,2024-06-15
51597,3,1007,7,45.0,315.0,2024-06-14
51598,5,1004,10,180.0,1800.0,2024-10-06
51599,2,1007,9,45.0,405.0,2024-05-10
51600,3,1008,8,65.0,520.0,2024-07-22
51601,1,1012,1,40.0,40.0,2024-05-25
51602,5,1001,9,450.0,4050.0,2024-03-10
51603,3,1001,5,450.0,2250.0,2024-04-23
51604,2,1014,6,35.0,210.0,2024-01-12
51605,3,1009,9,85.0,765.0,2024-10-11
51606,5,1010,3,25.0,75.0,2024-02-18
51607,1,1008,6,65.0,390.0,2024-03-20
51608,2,1005,6,185.0,1110.0,2024-10-25
51609,2,1004,5,180.0,900.0,2024-06-02
51610,1,1010,7,25.0,175.0,2024-10-18
51611,2,1012,2,40.0,80.0,2024-06-15
51612,4,1003,8,55.0,440.0,2024-12-19
51613,5,1014,2,35.0,70.0,2024-10-31
51614,3,1001,10,450.0,4500.0,2024-07-14
51615,1,1013,1,120.0,120.0,2024-06-20
51616,3,1014,7,35.0,245.0,2024-08-01
51617,1,1014,4,35.0,140.0,2024-11-30
51618,5,1001,7,450.0,3150.0,2024-01-28
51619,3,1009,1,85.0,85.0,2024-06-12
51620,5,1010,3,25.0,75.0,2024-06-16
51621,5,1012,4,40.0,160.0,2024-03-19
51622,1,1011,7,30.0,210.0,2024-08-16
51623,5,1010,9,25.0,225.0,2024-02-16
51624,2,1007,5,45.0,225.0,2024-07-20
51625,2,1003,6,55.0,330.0,2024-02-12
51626,4,1010,1,25.0,25.0,2024-10-07
51627,4,1005,2,185.0,370.0,2024-07-23
51628,5,1007,3,45.0,135.0,2024-03-10
51629,4,1009,4,85.0,340.0,2024-09-06
51630,4,1011,10,30.0,300.0,2024-04-10
51631,5,1010,9,25.0,225.0,2024-05-06
51632,2,1002,5,35.0,175.0,2024-08-08
51633,3,1011,10,30.0,300.0,2024-02-15
51634,1,1011,7,30.0,210.0,2024-08-04
51635,3,1006,4,120.0,480.0,2024-06-13
51636,3,1010,1,25.0,25.0,2024-06-05
51637,2,1006,10,120.0,1200.0,2024-08-14
51638,5,1003,8,55.0,440.0,2024-01-23
51639,2,1004,6,180.0,1080.0,2024-03-20
51640,1,1002,1,35.0,35.0,2024-05-04
51641,5,1003,5,55.0,275.0,2024-01-08
51642,3,1012,2,40.0,80.0,2024-06-05
51643,4,1008,1,65.0,65.0,2024-06-18
51644,2,1012,9,40.0,360.0,2024-04-18
51645,2,1009,9,85.0,765.0,2024-05-12
51646,5,1008,10,65.0,650.0,2024-03-13
51647,1,1007,10,45.0,450.0,2024-12-05
51648,5,1001,5,450.0,2250.0,2024-03-28
51649,1,1005,4,185.0,740.0,2024-12-22
51650,5,1005,1,185.0,185.0,2024-08-26
51651,1,1002,7,35.0,245.0,2024-12-04
51652,3,1011,6,30.0,180.0,2024-02-25
51653,1,1005,7,185.0,1295.0,2024-04-28
51654,4,1009,2,85.0,170.0,2024-06-10
51655,4,1014,10,35.0,350.0,2024-09-29
51656,1,1003,4,55.0,220.0,2024-09-13
51657,4,1009,1,85.0,85.0,2024-01-21
51658,2,1009,5,85.0,425.0,2024-06-19
51659,4,1007,3,45.0,135.0,2024-01-10
51660,3,1011,6,30.0,180.0,2024-06-30
51661,3,1004,9,180.0,1620.0,2024-05-21
51662,1,1011,5,30.0,150.0,2024-07-17
51663,1,1009,5,85.0,425.0,2024-04-25
51664,2,1006,7,120.0,840.0,2024-12-02
51665,2,1002,7,35.0,245.0,2024-09-23
51666,5,1014,4,35.0,140.0,2024-08-01
51667,2,1010,3,25.0,75.0,2024-08-06
51668,3,1010,6,25.0,150.0,2024-08-17
51669,5,1003,4,55.0,220.0,2024-11-30
51670,2,1010,9,25.0,225.0,2024-12-16
51671,2,1014,3,35.0,105.0,2024-06-07
51672,5,1003,7,55.0,385.0,2024-03-15
51673,5,1003,6,55.0,330.0,2024-02-04
51674,5,1009,2,85.0,170.0,2024-04-04
51675,3,1014,3,35.0,105.0,2024-01-16
51676,3,1007,7,45.0,315.0,2024-06-04
51677,4,1012,5,40.0,200.0,2024-03-18
51678,2,1002,3,35.0,105.0,2024-04-04
51679,1,1013,10,120.0,1200.0,2024-11-11
51680,3,1010,10,25.0,250.0,2024-11-09
51681,2,1010,4,25.0,100.0,2024-04-28
51682,1,1006,2,120.0,240.0,2024-12-18
51683,4,1003,9,55.0,495.0,2024-11-05
51684,4,1012,6,40.0,240.0,2024-04-04
51685,4,1008,8,65.0,520.0,2024-03-11
51686,2,1004,4,180.0,720.0,2024-01-17
51687,4,1013,1,120.0,120.0,2024-05-18
51688,4,1004,4,180.0,720.0,2024-04-14
51689,1,1003,8,55.0,440.0,2024-11-11
51690,4,1012,6,40.0,240.0,2024-08-22
51691,2,1007,7,45.0,315.0,2024-01-22
51692,5,1012,7,40.0,280.0,2024-06-09
51693,4,1010,10,25.0,250.0,2024-10-31
51694,5,1009,1,85.0,85.0,2024-09-23
51695,1,1008,8,65.0,520.0,2024-01-22
51696,2,1009,9,85.0,765.0,2024-07-21
51697,1,1009,7,85.0,595.0,2024-09-21
51698,1,1004,5,180.0,900.0,2024-08-13
51699,4,1005,5,185.0,925.0,2024-08-24
51700,2,1007,5,45.0,225.0,2024-11-09
51701,1,1012,9,40.0,360.0,2024-03-13
51702,4,1014,8,35.0,280.0,2024-02-16
51703,5,1002,3,35.0,105.0,2024-10-26
51704,5,1003,7,55.0,385.0,2024-07-30
51705,3,1008,1,65.0,65.0,2024-04-01
51706,4,1010,4,25.0,100.0,2024-08-20
51707,1,1005,6,185.0,1110.0,2024-12-20
51708,2,1012,2,40.0,80.0,2024-02-16
51709,1,1012,8,40.0,320.0,2024-11-20
51710,3,1002,9,35.0,315.0,2024-12-28
51711,4,1012,9,40.0,360.0,2024-11-09
51712,2,1007,9,45.0,405.0,2024-07-13
51713,1,1013,3,120.0,360.0,2024-06-20
51714,5,1014,3,35.0,105.0,2024-03-24
51715,2,1003,1,55.0,55.0,2024-08-02
51716,3,1005,8,185.0,1480.0,2024-05-27
51717,2,1002,3,35.0,105.0,2024-04-13
51718,1,1010,5,25.0,125.0,2024-01-07
51719,4,1008,8,65.0,520.0,2024-10-05
51720,1,1010,8,25.0,200.0,2024-05-01
51721,2,1010,8,25.0,200.0,2024-08-20
51722,4,1008,2,65.0,130.0,2024-11-03
51723,5,1001,4,450.0,1800.0,2024-10-07
51724,3,1010,9,25.0,225.0,2024-04-16
51725,1,1003,3,55.0,165.0,2024-01-29
51726,3,1001,3,450.0,1350.0,2024-01-17
51727,5,1014,10,35.0,350.0,2024-06-01
51728,3,1002,1,35.0,35.0,2024-02-25
51729,4,1003,3,55.0,165.0,2024-12-10
51730,3,1010,10,25.0,250.0,2024-10-20
51731,5,1003,8,55.0,440.0,2024-10-23
51732,3,1001,2,450.0,900.0,2024-06-02
51733,3,1006,7,120.0,840.0,2024-02-04
51734,4,1014,9,35.0,315.0,2024-02-03
51735,3,1008,3,65.0,195.0,2024-03-03
51736,3,1006,9,120.0,1080.0,2024-07-30
51737,5,1004,4,180.0,720.0,2024-11-09
51738,1,1002,10,35.0,350.0,2024-11-18
51739,5,1002,8,35.0,280.0,2024-12-18
51740,5,1013,5,120.0,600.0,2024-08-06
51741,5,1014,6,35.0,210.0,2024-05-12
51742,5,1010,10,25.0,250.0,2024-06-30
51743,2,1010,10,25.0,250.0,2024-09-11
51744,5,1012,8,40.0,320.0,2024-09-09
51745,2,1010,4,25.0,100.0,2024-12-28
51746,3,1004,1,180.0,180.0,2024-03-01
51747,1,1008,2,65.0,130.0,2024-04-16
51748,5,1007,7,45.0,315.0,2024-01-24
51749,3,1006,9,120.0,1080.0,2024-11-22
51750,2,1001,4,450.0,1800.0,2024-12-19
51751,3,1005,2,185.0,370.0,2024-06-06
51752,3,1009,9,85.0,765.0,2024-06-14
51753,1,1002,6,35.0,210.0,2024-06-23
51754,4,1012,10,40.0,400.0,2024-11-11
51755,1,1014,3,35.0,105.0,2024-04-09
51756,3,1014,6,35.0,210.0,2024-12-10
51757,4,1008,1,65.0,65.0,2024-11-26
51758,2,1008,3,65.0,195.0,2024-11-17
51759,4,1014,9,35.0,315.0,2024-06-20
51760,4,1013,7,120.0,840.0,2024-01-29
51761,5,1005,10,185.0,1850.0,2024-12-13
51762,3,1009,9,85.0,765.0,2024-01-10
51763,2,1010,6,25.0,150.0,2024-06-30
51764,1,1003,5,55.0,275.0,2024-01-16
51765,3,1007,9,45.0,405.0,2024-03-25
51766,5,1010,7,25.0,175.0,2024-04-05
51767,5,1002,5,35.0,175.0,2024-12-27
51768,3,1012,1,40.0,40.0,2024-05-19
51769,4,1002,8,35.0,280.0,2024-05-01
51770,3,1008,5,65.0,325.0,2024-04-20
51771,5,1005,3,185.0,555.0,2024-02-27
51772,3,1013,1,120.0,120.0,2024-04-13
51773,1,1008,9,65.0,585.0,2024-01-13
51774,4,1009,3,85.0,255.0,2024-04-07
51775,3,1008,9,65.0,585.0,2024-06-07
51776,3,1003,2,55.0,110.0,2024-09-21
51777,2,1004,1,180.0,180.0,2024-08-23
51778,4,1012,9,40.0,360.0,2024-02-29
51779,1,1005,1,185.0,185.0,2024-12-17
51780,5,1014,2,35.0,70.0,2024-06-19
51781,4,1001,2,450.0,900.0,2024-09-23
51782,3,1001,10,450.0,4500.0,2024-06-08
51783,2,1006,4,120.0,480.0,2024-04-08
51784,3,1005,9,185.0,1665.0,2024-06-12
51785,4,1011,2,30.0,60.0,2024-05-19
51786,2,1003,5,55.0,275.0,2024-02-28
51787,1,1010,9,25.0,225.0,2024-09-20
51788,1,1004,9,180.0,1620.0,2024-06-28
51789,5,1006,5,120.0,600.0,2024-03-13
51790,3,1010,4,25.0,100.0,2024-03-28
51791,1,1005,10,185.0,1850.0,2024-06-22
51792,5,1008,1,65.0,65.0,2024-03-07
51793,1,1008,1,65.0,65.0,2024-02-24
51794,4,1001,2,450.0,900.0,2024-08-06
51795,4,1003,10,55.0,550.0,2024-10-30
51796,4,1010,6,25.0,150.0,2024-06-08
51797,3,1014,4,35.0,140.0,2024-12-09
51798,5,1002,8,35.0,280.0,2024-10-17
51799,2,1002,8,35.0,280.0,2024-02-19
51800,4,1005,8,185.0,1480.0,2024-08-28
51801,2,1004,3,180.0,540.0,2024-11-11
51802,3,1006,7,120.0,840.0,2024-04-03
51803,3,1013,6,120.0,720.0,2024-08-20
51804,4,1001,2,450.0,900.0,2024-08-31
51805,1,1006,8,120.0,960.0,2024-08-24
51806,2,1005,6,185.0,1110.0,2024-11-05
51807,5,1003,9,55.0,495.0,2024-02-22
51808,4,1014,2,35.0,70.0,2024-06-15
51809,5,1011,2,30.0,60.0,2024-06-03
51810,5,1008,7,65.0,455.0,2024-10-29
51811,4,1004,10,180.0,1800.0,2024-05-04
51812,5,1003,8,55.0,440.0,2024-07-15
51813,1,1006,4,120.0,480.0,2024-12-21
51814,5,1007,7,45.0,315.0,2024-10-17
51815,3,1009,4,85.0,340.0,2024-03-29
51816,1,1012,10,40.0,400.0,2024-09-06
51817,1,1010,10,25.0,250.0,2024-08-25
51818,3,1009,2,85.0,170.0,2024-08-15
51819,2,1005,7,185.0,1295.0,2024-02-05
51820,5,1002,10,35.0,350.0,2024-07-13
51821,3,1008,1,65.0,65.0,2024-02-16
51822,2,1014,3,35.0,105.0,2024-10-24
51823,1,1013,3,120.0,360.0,2024-12-04
51824,2,1008,9,65.0,585.0,2024-05-29
51825,4,1010,10,25.0,250.0,2024-08-16
51826,2,1004,6,180.0,1080.0,2024-06-02
51827,5,1013,5,120.0,600.0,2024-08-10
51828,3,1002,10,35.0,350.0,2024-01-05
51829,5,1009,7,85.0,595.0,2024-03-06
51830,3,1001,6,450.0,2700.0,2024-10-08
51831,1,1001,9,450.0,4050.0,2024-07-02
51832,1,1014,5,35.0,175.0,2024-01-16
51833,2,1007,10,45.0,450.0,2024-07-20
51834,3,1012,7,40.0,280.0,2024-07-26
51835,4,1007,9,45.0,405.0,2024-04-18
51836,2,1008,3,65.0,195.0,2024-04-06
51837,5,1007,6,45.0,270.0,2024-08-01
51838,2,1005,3,185.0,555.0,2024-03-09
51839,1,1002,1,35.0,35.0,2024-03-14
51840,4,1011,7,30.0,210.0,2024-03-10
51841,1,1003,7,55.0,385.0,2024-08-21
51842,5,1007,10,45.0,450.0,2024-04-02
51843,4,1009,7,85.0,595.0,2024-10-09
51844,4,1007,6,45.0,270.0,2024-04-25
51845,2,1007,10,45.0,450.0,2024-01-04
51846,5,1008,4,65.0,260.0,2024-12-30
51847,5,1005,7,185.0,1295.0,2024-10-06
51848,5,1006,1,120.0,120.0,2024-01-20
51849,5,1008,6,65.0,390.0,2024-02-27
51850,5,1008,2,65.0,130.0,2024-03-13
51851,5,1014,5,35.0,175.0,2024-08-26
51852,5,1002,9,35.0,315.0,2024-11-08
51853,1,1004,8,180.0,1440.0,2024-11-18
51854,1,1011,9,30.0,270.0,2024-10-23
51855,3,1010,1,25.0,25.0,2024-06-24
51856,5,1013,1,120.0,120.0,2024-08-28
51857,4,1009,8,85.0,680.0,2024-10-20
51858,3,1007,6,45.0,270.0,2024-05-30
51859,3,1003,1,55.0,55.0,2024-12-21
51860,5,1012,5,40.0,200.0,2024-10-15
51861,3,1001,8,450.0,3600.0,2024-10-23
51862,2,1010,1,25.0,25.0,2024-12-02
51863,3,1013,10,120.0,1200.0,2024-01-14
51864,3,1008,2,65.0,130.0,2024-03-05
51865,5,1002,5,35.0,175.0,2024-05-09
51866,2,1010,5,25.0,125.0,2024-05-20
51867,3,1001,2,450.0,900.0,2024-11-05
51868,2,1010,3,25.0,75.0,2024-12-03
51869,4,1006,3,120.0,360.0,2024-05-13
51870,2,1008,3,65.0,195.0,2024-09-27
51871,1,1006,2,120.0,240.0,2024-03-15
51872,5,1014,3,35.0,105.0,2024-09-10
51873,4,1013,7,120.0,840.0,2024-05-01
51874,4,1012,3,40.0,120.0,2024-04-17
51875,5,1012,6,40.0,240.0,2024-01-28
51876,3,1013,2,120.0,240.0,2024-01-27
51877,2,1008,7,65.0,455.0,2024-08-31
51878,3,1008,9,65.0,585.0,2024-04-29
51879,4,1011,7,30.0,210.0,2024-08-30
51880,3,1003,9,55.0,495.0,2024-08-10
51881,1,1005,8,185.0,1480.0,2024-07-14
51882,3,1009,1,85.0,85.0,2024-02-19
51883,5,1011,6,30.0,180.0,2024-08-09
51884,5,1011,5,30.0,150.0,2024-06-20
51885,3,1005,2,185.0,370.0,2024-05-10
51886,5,1007,8,45.0,360.0,2024-12-11
51887,2,1012,10,40.0,400.0,2024-04-09
51888,5,1006,3,120.0,360.0,2024-06-09
51889,5,1001,1,450.0,450.0,2024-02-04
51890,1,1007,2,45.0,90.0,2024-09-25
51891,1,1011,8,30.0,240.0,2024-06-28
51892,2,1012,5,40.0,200.0,2024-05-08
51893,2,1001,1,450.0,450.0,2024-11-13
51894,1,1001,10,450.0,4500.0,2024-12-02
51895,2,1010,2,25.0,50.0,2024-12-28
51896,1,1002,10,35.0,350.0,2024-03-07
51897,4,1011,10,30.0,300.0,2024-04-04
51898,1,1012,3,40.0,120.0,2024-05-09
51899,3,1008,2,65.0,130.0,2024-11-23
51900,4,1005,7,185.0,1295.0,2024-12-20
51901,3,1005,3,185.0,555.0,2024-02-07
51902,3,1013,1,120.0,120.0,2024-07-14
51903,4,1006,1,120.0,120.0,2024-05-12
51904,3,1003,8,55.0,440.0,2024-02-05
51905,4,1004,10,180.0,1800.0,2024-07-20
51906,2,1011,8,30.0,240.0,2024-02-25
51907,2,1009,7,85.0,595.0,2024-04-21
51908,5,1011,2,30.0,60.0,2024-08-14
51909,3,1002,1,35.0,35.0,2024-02-07
51910,1,1010,5,25.0,125.0,2024-08-16
51911,1,1008,3,65.0,195.0,2024-11-30
51912,1,1001,7,450.0,3150.0,2024-05-16
51913,2,1012,6,40.0,240.0,2024-07-19
51914,5,1001,9,450.0,4050.0,2024-12-28
51915,4,1008,7,65.0,455.0,2024-07-25
51916,1,1009,4,85.0,340.0,2024-01-02
51917,4,1012,8,40.0,320.0,2024-03-03
51918,5,1009,6,85.0,510.0,2024-06-19
51919,3,1007,1,45.0,45.0,2024-11-19
51920,1,1006,9,120.0,1080.0,2024-06-23
51921,1,1014,8,35.0,280.0,2024-05-28
51922,2,1003,9,55.0,495.0,2024-01-21
51923,4,1011,4,30.0,120.0,2024-06-02
51924,4,1002,6,35.0,210.0,2024-09-06
51925,1,1011,8,30.0,240.0,2024-04-07
51926,2,1001,4,450.0,1800.0,2024-01-13
51927,5,1004,8,180.0,1440.0,2024-07-18
51928,1,1013,9,120.0,1080.0,2024-11-25
51929,3,1008,9,65.0,585.0,2024-08-18
51930,1,1001,6,450.0,2700.0,2024-01-29
51931,3,1013,1,120.0,120.0,2024-07-26
51932,1,1004,9,180.0,1620.0,2024-08-22
51933,5,1003,10,55.0,550.0,2024-04-29
51934,1,1001,3,450.0,1350.0,2024-09-07
51935,1,1008,10,65.0,650.0,2024-01-24
51936,2,1012,3,40.0,120.0,2024-01-08
51937,2,1011,1,30.0,30.0,2024-06-06
51938,1,1008,10,65.0,650.0,2024-03-28
51939,5,1002,2,35.0,70.0,2024-02-28
51940,4,1010,10,25.0,250.0,2024-04-22
51941,1,1013,4,120.0,480.0,2024-08-06
51942,3,1013,7,120.0,840.0,2024-06-15
51943,1,1011,10,30.0,300.0,2024-10-06
51944,2,1006,4,120.0,480.0,2024-01-24
51945,5,1003,6,55.0,330.0,2024-02-02
51946,1,1005,3,185.0,555.0,2024-07-31
51947,2,1012,6,40.0,240.0,2024-10-10
51948,2,1008,4,65.0,260.0,2024-10-24
51949,1,1003,2,55.0,110.0,2024-11-19
51950,5,1007,3,45.0,135.0,2024-01-09
51951,4,1002,1,35.0,35.0,2024-01-04
51952,2,1002,10,35.0,350.0,2024-05-25
51953,4,1012,8,40.0,320.0,2024-12-20
51954,2,1004,3,180.0,540.0,2024-11-23
51955,3,1009,8,85.0,680.0,2024-07-29
51956,2,1003,10,55.0,550.0,2024-12-20
51957,1,1010,3,25.0,75.0,2024-09-12
51958,5,1002,5,35.0,175.0,2024-06-27
51959,4,1001,9,450.0,4050.0,2024-04-30
51960,2,1002,9,35.0,315.0,2024-02-18
51961,5,1006,9,120.0,1080.0,2024-09-16
51962,2,1008,4,65.0,260.0,2024-05-21
51963,1,1004,2,180.0,360.0,2024-03-17
51964,4,1008,3,65.0,195.0,2024-03-22
51965,1,1001,6,450.0,2700.0,2024-05-25
51966,2,1007,5,45.0,225.0,2024-06-20
51967,5,1013,8,120.0,960.0,2024-01-23
51968,1,1012,1,40.0,40.0,2024-10-02
51969,2,1003,1,55.0,55.0,2024-09-05
51970,5,1002,2,35.0,70.0,2024-04-30
51971,4,1010,10,25.0,250.0,2024-06-15
51972,4,1004,6,180.0,1080.0,2024-04-27
51973,1,1006,4,120.0,480.0,2024-02-20
51974,2,1012,7,40.0,280.0,2024-04-12
51975,4,1004,2,180.0,360.0,2024-08-29
51976,5,1008,1,65.0,65.0,2024-08-11
51977,2,1004,10,180.0,1800.0,2024-08-20
51978,2,1007,6,45.0,270.0,2024-03-10
51979,4,1012,4,40.0,160.0,2024-11-19
51980,3,1005,4,185.0,740.0,2024-06-20
51981,2,1001,10,450.0,4500.0,2024-01-31
51982,3,1003,2,55.0,110.0,2024-08-26
51983,4,1007,3,45.0,135.0,2024-06-24
51984,2,1005,10,185.0,1850.0,2024-03-21
51985,5,1003,10,55.0,550.0,2024-10-10
51986,2,1002,7,35.0,245.0,2024-09-24
51987,4,1014,4,35.0,140.0,2024-10-29
51988,4,1014,8,35.0,280.0,2024-05-22
51989,1,1012,7,40.0,280.0,2024-05-06
51990,2,1006,7,120.0,840.0,2024-10-23
51991,2,1010,3,25.0,75.0,2024-10-20
51992,1,1007,1,45.0,45.0,2024-01-21
51993,4,1012,9,40.0,360.0,2024-01-18
51994,4,1009,7,85.0,595.0,2024-09-02
51995,1,1008,8,65.0,520.0,2024-05-03
51996,1,1009,1,85.0,85.0,2024-12-20
51997,4,1004,3,180.0,540.0,2024-07-02
51998,3,1004,2,180.0,360.0,2024-01-09
51999,4,1011,5,30.0,150.0,2024-03-23
52000,4,1014,10,35.0,350.0,2024-10-25
62000,4,1014,10,35.0,350.0,2024-10-25
